序号,综合评价,排名
1597,0.9761,1
2914,0.9389,2
2852,0.9321,3
4410,0.9228,4
921,0.9222,5
2033,0.9218,6
4469,0.8916,7
5365,0.8844,8
4342,0.8807,9
809,0.8783,10
2961,0.8725,11
2741,0.8690,12
5188,0.8623,13
3270,0.8621,14
569,0.8610,15
3061,0.8608,16
3407,0.8562,17
3452,0.8549,18
3736,0.8457,19
4419,0.8425,20
2063,0.8326,21
3196,0.8265,22
2836,0.8260,23
1105,0.8223,24
1007,0.8200,25
2615,0.8184,26
2806,0.8165,27
841,0.8144,28
3738,0.8130,29
4345,0.8062,30
1383,0.8025,31
2711,0.7958,32
433,0.7916,33
4204,0.7888,34
8,0.7848,35
974,0.7792,36
2984,0.7723,37
5160,0.7721,38
205,0.7696,39
4329,0.7688,40
404,0.7632,41
2981,0.7614,42
2503,0.7593,43
2834,0.7558,44
104,0.7538,45
4435,0.7524,46
4036,0.7520,47
4950,0.7519,48
741,0.7505,49
483,0.7463,50
2353,0.7456,51
92,0.7438,52
216,0.7401,53
3149,0.7357,54
4114,0.7341,55
1784,0.7336,56
4374,0.7321,57
1091,0.7320,58
2075,0.7300,59
5403,0.7281,60
1305,0.7257,61
2426,0.7257,62
1236,0.7249,63
2496,0.7243,64
581,0.7226,65
900,0.7194,66
3133,0.7190,67
4376,0.7185,68
4211,0.7179,69
116,0.7162,70
2551,0.7141,71
4208,0.7121,72
58,0.7109,73
745,0.7098,74
3145,0.7095,75
1261,0.7094,76
2596,0.7089,77
3735,0.7079,78
3765,0.7061,79
4251,0.7055,80
252,0.7052,81
2017,0.7039,82
2407,0.7021,83
2517,0.7016,84
1566,0.7004,85
3555,0.7003,86
443,0.6996,87
4125,0.6983,88
4265,0.6971,89
2298,0.6945,90
1210,0.6914,91
430,0.6884,92
3073,0.6883,93
4238,0.6880,94
391,0.6844,95
4213,0.6838,96
4579,0.6827,97
987,0.6820,98
2940,0.6815,99
4173,0.6812,100
590,0.6806,101
2756,0.6803,102
2395,0.6801,103
3774,0.6796,104
4616,0.6784,105
962,0.6778,106
2335,0.6748,107
2442,0.6738,108
571,0.6732,109
1995,0.6721,110
4352,0.6709,111
2529,0.6703,112
825,0.6702,113
2760,0.6701,114
4331,0.6687,115
3361,0.6682,116
875,0.6681,117
2502,0.6676,118
1298,0.6676,119
2635,0.6663,120
1239,0.6658,121
2658,0.6648,122
2394,0.6647,123
2391,0.6642,124
2672,0.6625,125
2963,0.6618,126
1095,0.6616,127
1451,0.6612,128
4901,0.6599,129
1532,0.6598,130
4051,0.6597,131
3213,0.6583,132
5243,0.6575,133
528,0.6569,134
257,0.6554,135
344,0.6541,136
3358,0.6538,137
2997,0.6517,138
2467,0.6510,139
2126,0.6509,140
507,0.6503,141
4567,0.6494,142
1617,0.6491,143
2641,0.6488,144
2332,0.6488,145
3186,0.6482,146
2419,0.6455,147
16,0.6454,148
76,0.6446,149
1903,0.6442,150
5375,0.6432,151
1641,0.6420,152
3988,0.6415,153
3963,0.6411,154
625,0.6397,155
2481,0.6390,156
466,0.6374,157
3764,0.6367,158
2117,0.6363,159
3691,0.6342,160
20,0.6337,161
2581,0.6334,162
2661,0.6332,163
4243,0.6331,164
380,0.6328,165
4006,0.6315,166
1302,0.6315,167
2730,0.6311,168
859,0.6301,169
2833,0.6293,170
4118,0.6286,171
2566,0.6282,172
1748,0.6272,173
4601,0.6270,174
4605,0.6270,175
730,0.6265,176
4520,0.6261,177
748,0.6253,178
4625,0.6250,179
4538,0.6249,180
4063,0.6248,181
295,0.6248,182
753,0.6238,183
425,0.6236,184
3748,0.6234,185
4236,0.6230,186
1042,0.6210,187
1580,0.6197,188
2065,0.6195,189
191,0.6192,190
5302,0.6183,191
4550,0.6183,192
2652,0.6180,193
2632,0.6174,194
2885,0.6170,195
929,0.6168,196
4100,0.6164,197
1736,0.6153,198
2141,0.6152,199
2996,0.6146,200
3833,0.6143,201
2709,0.6140,202
2505,0.6126,203
5041,0.6125,204
1518,0.6125,205
4112,0.6122,206
2343,0.6116,207
1241,0.6115,208
5182,0.6109,209
3096,0.6106,210
1429,0.6104,211
4094,0.6095,212
4176,0.6093,213
4361,0.6085,214
978,0.6083,215
123,0.6077,216
4285,0.6075,217
4037,0.6075,218
1612,0.6064,219
4278,0.6063,220
111,0.6063,221
3690,0.6060,222
2142,0.6059,223
4642,0.6048,224
4512,0.6035,225
2369,0.6026,226
1352,0.6024,227
3996,0.6014,228
5259,0.6009,229
1829,0.6008,230
3035,0.6006,231
520,0.6002,232
976,0.6001,233
4153,0.5997,234
1340,0.5992,235
1712,0.5986,236
2530,0.5982,237
2638,0.5981,238
1255,0.5977,239
2779,0.5976,240
982,0.5975,241
4588,0.5972,242
3338,0.5972,243
2424,0.5968,244
4261,0.5965,245
4755,0.5962,246
842,0.5961,247
2624,0.5960,248
2336,0.5956,249
4907,0.5944,250
1418,0.5943,251
1054,0.5942,252
2111,0.5941,253
2222,0.5940,254
1818,0.5931,255
1012,0.5921,256
5101,0.5915,257
2384,0.5909,258
120,0.5907,259
4244,0.5906,260
5385,0.5898,261
2789,0.5892,262
998,0.5891,263
2429,0.5891,264
384,0.5889,265
2927,0.5888,266
3193,0.5887,267
4708,0.5886,268
2694,0.5873,269
4103,0.5873,270
3001,0.5869,271
3704,0.5859,272
2280,0.5858,273
4648,0.5854,274
4781,0.5849,275
3032,0.5848,276
2089,0.5848,277
2461,0.5842,278
1868,0.5835,279
1949,0.5834,280
57,0.5833,281
1335,0.5825,282
1856,0.5818,283
2585,0.5816,284
5086,0.5812,285
316,0.5811,286
3486,0.5811,287
2214,0.5810,288
848,0.5802,289
2897,0.5801,290
793,0.5801,291
3016,0.5797,292
1652,0.5793,293
3136,0.5792,294
4158,0.5789,295
4780,0.5788,296
2430,0.5787,297
4128,0.5783,298
3230,0.5772,299
2243,0.5772,300
1989,0.5771,301
4141,0.5768,302
1790,0.5760,303
4825,0.5756,304
2667,0.5752,305
14,0.5750,306
4305,0.5741,307
924,0.5736,308
2593,0.5730,309
3227,0.5728,310
831,0.5723,311
5366,0.5723,312
1299,0.5719,313
4725,0.5718,314
64,0.5714,315
4641,0.5713,316
1772,0.5712,317
3253,0.5710,318
1366,0.5710,319
3094,0.5710,320
1659,0.5704,321
2872,0.5702,322
4511,0.5701,323
5326,0.5697,324
2719,0.5696,325
1447,0.5692,326
1660,0.5691,327
604,0.5685,328
854,0.5683,329
5042,0.5677,330
2887,0.5672,331
393,0.5669,332
3023,0.5667,333
4117,0.5665,334
2695,0.5661,335
3839,0.5660,336
3689,0.5660,337
524,0.5658,338
2488,0.5656,339
1930,0.5655,340
4526,0.5655,341
977,0.5649,342
4175,0.5641,343
5177,0.5640,344
1944,0.5635,345
2544,0.5631,346
2396,0.5629,347
3766,0.5626,348
3683,0.5626,349
441,0.5626,350
2884,0.5626,351
2252,0.5625,352
4782,0.5619,353
4260,0.5616,354
1549,0.5615,355
4381,0.5609,356
4021,0.5608,357
1708,0.5606,358
4854,0.5606,359
3580,0.5603,360
1821,0.5600,361
2348,0.5597,362
3109,0.5592,363
4308,0.5592,364
2036,0.5592,365
537,0.5591,366
2370,0.5591,367
4177,0.5587,368
5023,0.5587,369
4583,0.5585,370
934,0.5579,371
2122,0.5576,372
1221,0.5576,373
2608,0.5574,374
149,0.5573,375
3029,0.5572,376
4041,0.5572,377
4696,0.5569,378
1882,0.5566,379
3950,0.5564,380
3706,0.5564,381
2611,0.5563,382
3508,0.5562,383
3255,0.5561,384
37,0.5556,385
4098,0.5555,386
407,0.5553,387
2849,0.5551,388
2941,0.5551,389
2319,0.5549,390
3330,0.5549,391
4421,0.5549,392
131,0.5548,393
5305,0.5547,394
4228,0.5545,395
3711,0.5542,396
3159,0.5537,397
3092,0.5534,398
1764,0.5533,399
3419,0.5530,400
3069,0.5529,401
1876,0.5529,402
2807,0.5527,403
4488,0.5527,404
2267,0.5525,405
1175,0.5519,406
65,0.5519,407
2443,0.5517,408
3408,0.5510,409
2433,0.5508,410
4866,0.5504,411
2939,0.5504,412
5410,0.5503,413
223,0.5502,414
1639,0.5491,415
2398,0.5489,416
53,0.5488,417
5248,0.5486,418
4914,0.5485,419
4618,0.5483,420
1649,0.5477,421
3731,0.5476,422
623,0.5473,423
1323,0.5472,424
189,0.5471,425
351,0.5468,426
4311,0.5467,427
2212,0.5465,428
4624,0.5462,429
4839,0.5460,430
2983,0.5456,431
2282,0.5454,432
3817,0.5451,433
5121,0.5447,434
4275,0.5446,435
275,0.5446,436
4120,0.5443,437
5205,0.5431,438
2653,0.5429,439
2858,0.5428,440
4504,0.5423,441
584,0.5423,442
5236,0.5422,443
849,0.5420,444
315,0.5415,445
2815,0.5413,446
5193,0.5412,447
2967,0.5410,448
4413,0.5409,449
1162,0.5404,450
2965,0.5392,451
2630,0.5389,452
3093,0.5383,453
5392,0.5382,454
828,0.5382,455
3709,0.5382,456
5210,0.5375,457
813,0.5373,458
5187,0.5368,459
5280,0.5367,460
4186,0.5360,461
2775,0.5356,462
4964,0.5347,463
2659,0.5347,464
157,0.5345,465
3058,0.5345,466
5069,0.5344,467
1613,0.5344,468
2169,0.5338,469
3895,0.5333,470
1436,0.5333,471
2171,0.5330,472
2181,0.5330,473
4957,0.5326,474
1209,0.5326,475
4546,0.5323,476
2471,0.5322,477
2127,0.5322,478
616,0.5320,479
4742,0.5319,480
4415,0.5317,481
5098,0.5316,482
1362,0.5314,483
3305,0.5313,484
2837,0.5312,485
1043,0.5308,486
392,0.5305,487
5186,0.5302,488
5390,0.5298,489
2626,0.5297,490
119,0.5295,491
2178,0.5294,492
4414,0.5293,493
227,0.5292,494
4548,0.5290,495
485,0.5289,496
2376,0.5289,497
1911,0.5289,498
3703,0.5285,499
878,0.5284,500
3882,0.5279,501
4525,0.5279,502
1137,0.5277,503
2645,0.5264,504
3829,0.5263,505
3733,0.5261,506
2327,0.5257,507
199,0.5254,508
2436,0.5253,509
2822,0.5246,510
4358,0.5245,511
4562,0.5235,512
3005,0.5232,513
2463,0.5232,514
1514,0.5232,515
1070,0.5228,516
837,0.5227,517
1919,0.5224,518
2643,0.5221,519
4313,0.5215,520
2917,0.5213,521
265,0.5213,522
591,0.5213,523
5096,0.5208,524
786,0.5205,525
3125,0.5204,526
102,0.5204,527
171,0.5203,528
2842,0.5203,529
1921,0.5202,530
3742,0.5196,531
2911,0.5193,532
4231,0.5191,533
2514,0.5187,534
2195,0.5185,535
789,0.5184,536
4320,0.5184,537
1259,0.5183,538
5118,0.5182,539
362,0.5182,540
2707,0.5179,541
2879,0.5174,542
2588,0.5172,543
5001,0.5172,544
1942,0.5166,545
4556,0.5165,546
4623,0.5164,547
3512,0.5164,548
2143,0.5160,549
2918,0.5160,550
478,0.5159,551
4004,0.5159,552
4592,0.5154,553
3357,0.5148,554
732,0.5147,555
2285,0.5142,556
4762,0.5139,557
1923,0.5139,558
3723,0.5138,559
3163,0.5133,560
4460,0.5132,561
2553,0.5124,562
5281,0.5120,563
1098,0.5119,564
2957,0.5114,565
3183,0.5112,566
5232,0.5111,567
2123,0.5108,568
75,0.5106,569
97,0.5106,570
2088,0.5105,571
3664,0.5104,572
2575,0.5102,573
3204,0.5100,574
3438,0.5095,575
4732,0.5093,576
3960,0.5093,577
3056,0.5085,578
5107,0.5085,579
2483,0.5083,580
3548,0.5079,581
4476,0.5078,582
2618,0.5075,583
4969,0.5074,584
499,0.5073,585
777,0.5073,586
3156,0.5071,587
2520,0.5071,588
4171,0.5070,589
5008,0.5070,590
2213,0.5070,591
4693,0.5068,592
4392,0.5068,593
4160,0.5063,594
3207,0.5061,595
2854,0.5060,596
744,0.5058,597
2563,0.5054,598
2619,0.5051,599
4816,0.5050,600
4868,0.5047,601
44,0.5047,602
355,0.5044,603
2247,0.5042,604
3857,0.5042,605
4748,0.5042,606
183,0.5038,607
2215,0.5038,608
2459,0.5037,609
1987,0.5036,610
4703,0.5031,611
4595,0.5029,612
434,0.5026,613
933,0.5022,614
1417,0.5020,615
5363,0.5018,616
2493,0.5012,617
1963,0.5012,618
3717,0.5011,619
830,0.5010,620
640,0.5010,621
3482,0.5007,622
5350,0.4999,623
4500,0.4999,624
4249,0.4998,625
224,0.4998,626
2362,0.4998,627
845,0.4996,628
2651,0.4995,629
951,0.4992,630
2701,0.4990,631
2625,0.4985,632
114,0.4983,633
1294,0.4983,634
1075,0.4981,635
254,0.4979,636
620,0.4979,637
808,0.4977,638
3090,0.4976,639
2673,0.4975,640
4676,0.4974,641
2120,0.4973,642
2268,0.4972,643
364,0.4972,644
1875,0.4968,645
4360,0.4968,646
43,0.4966,647
2620,0.4960,648
4219,0.4959,649
2408,0.4958,650
4139,0.4957,651
4513,0.4955,652
462,0.4955,653
5369,0.4952,654
1616,0.4951,655
1889,0.4951,656
2508,0.4951,657
4865,0.4950,658
2735,0.4949,659
4835,0.4945,660
785,0.4943,661
4362,0.4942,662
1714,0.4941,663
2752,0.4941,664
596,0.4938,665
4462,0.4938,666
4794,0.4937,667
1565,0.4929,668
4596,0.4929,669
2898,0.4929,670
4022,0.4929,671
1396,0.4926,672
1591,0.4926,673
2974,0.4924,674
1067,0.4924,675
2163,0.4920,676
4007,0.4916,677
4585,0.4913,678
803,0.4913,679
1160,0.4911,680
3771,0.4909,681
1965,0.4907,682
4170,0.4902,683
2559,0.4902,684
2349,0.4900,685
3231,0.4898,686
1472,0.4897,687
4599,0.4895,688
2071,0.4889,689
530,0.4889,690
2304,0.4888,691
4066,0.4885,692
952,0.4883,693
313,0.4876,694
4938,0.4876,695
3788,0.4875,696
474,0.4874,697
243,0.4872,698
4057,0.4869,699
3666,0.4868,700
3503,0.4865,701
188,0.4862,702
5380,0.4861,703
4042,0.4860,704
970,0.4858,705
3152,0.4850,706
4528,0.4846,707
2583,0.4845,708
2542,0.4843,709
2722,0.4842,710
1161,0.4838,711
3881,0.4835,712
207,0.4832,713
5204,0.4831,714
4830,0.4828,715
4563,0.4828,716
3892,0.4828,717
326,0.4827,718
4817,0.4826,719
203,0.4825,720
834,0.4822,721
509,0.4822,722
2843,0.4821,723
1220,0.4819,724
4451,0.4818,725
1330,0.4814,726
176,0.4806,727
3077,0.4804,728
3499,0.4802,729
1365,0.4801,730
416,0.4797,731
1368,0.4797,732
3344,0.4794,733
2265,0.4793,734
2573,0.4792,735
812,0.4790,736
5099,0.4789,737
5151,0.4788,738
668,0.4787,739
5343,0.4787,740
889,0.4787,741
5172,0.4785,742
2381,0.4783,743
2329,0.4782,744
3121,0.4781,745
5284,0.4778,746
1487,0.4773,747
4569,0.4772,748
2617,0.4768,749
5378,0.4768,750
1687,0.4766,751
5006,0.4763,752
477,0.4763,753
4449,0.4761,754
4093,0.4760,755
5322,0.4759,756
4670,0.4758,757
2393,0.4757,758
3893,0.4756,759
2762,0.4752,760
2041,0.4752,761
105,0.4752,762
2473,0.4748,763
1761,0.4748,764
4568,0.4743,765
3326,0.4738,766
2758,0.4737,767
1405,0.4736,768
3263,0.4734,769
1926,0.4730,770
2037,0.4729,771
1029,0.4726,772
3185,0.4725,773
3068,0.4725,774
5333,0.4722,775
4827,0.4721,776
4016,0.4721,777
1990,0.4719,778
3678,0.4718,779
201,0.4715,780
2423,0.4712,781
611,0.4710,782
4929,0.4704,783
2867,0.4703,784
2931,0.4702,785
5141,0.4702,786
4594,0.4701,787
2119,0.4696,788
3128,0.4695,789
1557,0.4695,790
3319,0.4692,791
1402,0.4691,792
429,0.4689,793
1846,0.4687,794
347,0.4686,795
2708,0.4682,796
1635,0.4682,797
3287,0.4678,798
5300,0.4677,799
4828,0.4677,800
5012,0.4676,801
126,0.4676,802
288,0.4670,803
5290,0.4669,804
1011,0.4667,805
4286,0.4665,806
3036,0.4665,807
4061,0.4664,808
4059,0.4661,809
3192,0.4660,810
1109,0.4659,811
3905,0.4659,812
5341,0.4659,813
1120,0.4658,814
411,0.4657,815
3658,0.4654,816
2748,0.4651,817
2574,0.4650,818
5269,0.4649,819
3637,0.4648,820
3315,0.4647,821
3955,0.4645,822
1768,0.4643,823
4242,0.4642,824
4905,0.4641,825
4264,0.4639,826
2104,0.4639,827
5278,0.4637,828
3608,0.4636,829
4881,0.4635,830
5228,0.4635,831
3403,0.4635,832
2015,0.4635,833
4302,0.4634,834
3222,0.4633,835
3509,0.4632,836
610,0.4630,837
3336,0.4628,838
501,0.4624,839
5128,0.4620,840
4092,0.4619,841
1787,0.4618,842
817,0.4617,843
746,0.4613,844
2565,0.4611,845
181,0.4610,846
1753,0.4606,847
1385,0.4601,848
3862,0.4599,849
3528,0.4598,850
2770,0.4596,851
2962,0.4591,852
2857,0.4585,853
2030,0.4584,854
4874,0.4584,855
1707,0.4584,856
558,0.4584,857
2457,0.4583,858
139,0.4582,859
2907,0.4577,860
1470,0.4568,861
3190,0.4568,862
1399,0.4567,863
5241,0.4567,864
2787,0.4567,865
4393,0.4566,866
4495,0.4564,867
1038,0.4563,868
2018,0.4563,869
5381,0.4563,870
4457,0.4562,871
3776,0.4561,872
2288,0.4561,873
4542,0.4560,874
3699,0.4559,875
5100,0.4556,876
2478,0.4555,877
4229,0.4554,878
1107,0.4554,879
2159,0.4537,880
4130,0.4537,881
1475,0.4536,882
4195,0.4535,883
435,0.4534,884
3015,0.4534,885
2621,0.4531,886
302,0.4529,887
4736,0.4529,888
5165,0.4528,889
1655,0.4527,890
2604,0.4526,891
4432,0.4523,892
4387,0.4523,893
545,0.4523,894
5016,0.4521,895
1394,0.4518,896
3504,0.4517,897
1344,0.4515,898
3737,0.4515,899
335,0.4512,900
2175,0.4511,901
2571,0.4505,902
994,0.4505,903
330,0.4500,904
5294,0.4499,905
2554,0.4497,906
770,0.4491,907
3587,0.4490,908
2776,0.4487,909
2639,0.4487,910
2059,0.4486,911
2339,0.4486,912
170,0.4486,913
3318,0.4484,914
56,0.4483,915
1693,0.4481,916
217,0.4481,917
4085,0.4481,918
3155,0.4478,919
2778,0.4477,920
4734,0.4475,921
3501,0.4473,922
931,0.4471,923
2937,0.4467,924
4466,0.4466,925
401,0.4465,926
4060,0.4463,927
3233,0.4458,928
2557,0.4458,929
2048,0.4457,930
1136,0.4456,931
2145,0.4455,932
4034,0.4449,933
3102,0.4449,934
3228,0.4447,935
3,0.4443,936
2891,0.4442,937
1724,0.4439,938
67,0.4438,939
983,0.4438,940
2623,0.4437,941
1767,0.4436,942
3364,0.4436,943
1248,0.4435,944
233,0.4434,945
4071,0.4432,946
1578,0.4431,947
521,0.4427,948
2973,0.4425,949
4564,0.4423,950
4577,0.4420,951
4263,0.4419,952
5359,0.4419,953
2067,0.4417,954
3000,0.4415,955
641,0.4415,956
1918,0.4415,957
4852,0.4413,958
2943,0.4412,959
66,0.4411,960
4872,0.4409,961
412,0.4408,962
4824,0.4406,963
1384,0.4405,964
1523,0.4405,965
4169,0.4404,966
1085,0.4401,967
1589,0.4398,968
3290,0.4394,969
3311,0.4394,970
2813,0.4392,971
3162,0.4392,972
3479,0.4389,973
488,0.4386,974
5352,0.4386,975
4372,0.4384,976
3570,0.4381,977
4668,0.4380,978
2562,0.4379,979
4689,0.4378,980
2246,0.4377,981
4636,0.4377,982
1572,0.4376,983
918,0.4375,984
2610,0.4372,985
2325,0.4370,986
2601,0.4370,987
1849,0.4369,988
3443,0.4368,989
1342,0.4367,990
2180,0.4367,991
613,0.4366,992
1005,0.4366,993
3386,0.4362,994
422,0.4361,995
4113,0.4360,996
4151,0.4358,997
4859,0.4357,998
2083,0.4356,999
4107,0.4356,1000
1896,0.4354,1001
1060,0.4353,1002
38,0.4353,1003
4524,0.4351,1004
3493,0.4350,1005
4549,0.4348,1006
2320,0.4346,1007
2875,0.4344,1008
3797,0.4341,1009
1094,0.4339,1010
3897,0.4338,1011
4844,0.4336,1012
1129,0.4335,1013
211,0.4332,1014
3169,0.4327,1015
4826,0.4325,1016
2412,0.4325,1017
3123,0.4325,1018
5238,0.4324,1019
2484,0.4324,1020
1182,0.4323,1021
3491,0.4323,1022
1455,0.4323,1023
202,0.4322,1024
787,0.4321,1025
2066,0.4320,1026
426,0.4320,1027
3697,0.4317,1028
4012,0.4317,1029
1824,0.4314,1030
106,0.4313,1031
3757,0.4313,1032
1083,0.4311,1033
4877,0.4311,1034
339,0.4308,1035
250,0.4305,1036
3325,0.4304,1037
2855,0.4303,1038
2401,0.4298,1039
1371,0.4298,1040
3650,0.4298,1041
3926,0.4298,1042
4335,0.4297,1043
2521,0.4296,1044
3487,0.4295,1045
2749,0.4291,1046
5144,0.4290,1047
1669,0.4290,1048
2507,0.4288,1049
4270,0.4288,1050
1864,0.4286,1051
2953,0.4282,1052
2560,0.4282,1053
2969,0.4281,1054
5384,0.4281,1055
1842,0.4279,1056
246,0.4276,1057
2674,0.4274,1058
2881,0.4270,1059
5415,0.4268,1060
1537,0.4268,1061
3087,0.4268,1062
2077,0.4266,1063
2591,0.4266,1064
4055,0.4265,1065
1192,0.4265,1066
2220,0.4263,1067
1226,0.4263,1068
3902,0.4261,1069
2472,0.4261,1070
209,0.4259,1071
1817,0.4258,1072
1803,0.4257,1073
2704,0.4257,1074
959,0.4254,1075
42,0.4254,1076
1443,0.4254,1077
4142,0.4253,1078
2810,0.4251,1079
3237,0.4251,1080
3040,0.4250,1081
1051,0.4249,1082
3118,0.4247,1083
2431,0.4247,1084
1638,0.4247,1085
5154,0.4245,1086
1644,0.4245,1087
319,0.4242,1088
858,0.4242,1089
2902,0.4242,1090
880,0.4241,1091
3791,0.4241,1092
4074,0.4239,1093
1397,0.4239,1094
2092,0.4237,1095
4482,0.4235,1096
2533,0.4235,1097
1128,0.4228,1098
2054,0.4227,1099
2263,0.4224,1100
2678,0.4224,1101
210,0.4223,1102
69,0.4223,1103
2869,0.4222,1104
3770,0.4221,1105
3404,0.4220,1106
881,0.4220,1107
5405,0.4219,1108
3306,0.4216,1109
2333,0.4214,1110
3033,0.4214,1111
5310,0.4213,1112
2403,0.4212,1113
3034,0.4209,1114
376,0.4208,1115
4831,0.4208,1116
3888,0.4207,1117
3931,0.4205,1118
4729,0.4204,1119
4461,0.4202,1120
1411,0.4201,1121
3456,0.4200,1122
2944,0.4199,1123
553,0.4197,1124
5208,0.4192,1125
4354,0.4191,1126
5155,0.4188,1127
290,0.4186,1128
1127,0.4183,1129
399,0.4183,1130
1927,0.4182,1131
17,0.4181,1132
1611,0.4181,1133
535,0.4181,1134
1198,0.4179,1135
3665,0.4178,1136
838,0.4176,1137
2994,0.4175,1138
1760,0.4174,1139
4064,0.4173,1140
3543,0.4173,1141
4357,0.4172,1142
3448,0.4171,1143
4198,0.4169,1144
802,0.4169,1145
2531,0.4169,1146
194,0.4168,1147
3473,0.4165,1148
5169,0.4162,1149
1066,0.4161,1150
502,0.4161,1151
3780,0.4161,1152
1780,0.4160,1153
3422,0.4160,1154
4220,0.4158,1155
3640,0.4157,1156
5349,0.4157,1157
3866,0.4157,1158
775,0.4156,1159
4800,0.4154,1160
780,0.4153,1161
268,0.4152,1162
3119,0.4150,1163
1116,0.4148,1164
2903,0.4147,1165
3586,0.4147,1166
4132,0.4147,1167
1264,0.4145,1168
2110,0.4145,1169
791,0.4143,1170
2361,0.4143,1171
769,0.4141,1172
2210,0.4139,1173
4792,0.4137,1174
618,0.4134,1175
2664,0.4129,1176
871,0.4128,1177
2642,0.4128,1178
2899,0.4125,1179
2724,0.4125,1180
2627,0.4123,1181
1037,0.4123,1182
2726,0.4123,1183
3476,0.4123,1184
574,0.4123,1185
2318,0.4122,1186
3975,0.4122,1187
510,0.4120,1188
130,0.4120,1189
2085,0.4116,1190
222,0.4115,1191
2706,0.4114,1192
2808,0.4113,1193
2972,0.4112,1194
2938,0.4109,1195
2698,0.4106,1196
2356,0.4105,1197
266,0.4104,1198
4235,0.4103,1199
3143,0.4103,1200
40,0.4103,1201
277,0.4103,1202
1859,0.4102,1203
2177,0.4101,1204
5414,0.4099,1205
811,0.4097,1206
3884,0.4094,1207
2568,0.4090,1208
1628,0.4089,1209
4820,0.4085,1210
1798,0.4082,1211
2102,0.4081,1212
891,0.4079,1213
4420,0.4078,1214
4933,0.4078,1215
3617,0.4077,1216
2582,0.4076,1217
3140,0.4076,1218
4373,0.4074,1219
3821,0.4074,1220
4383,0.4073,1221
1006,0.4073,1222
179,0.4073,1223
1159,0.4072,1224
2232,0.4070,1225
2945,0.4070,1226
1796,0.4069,1227
2464,0.4069,1228
4082,0.4065,1229
2954,0.4065,1230
5249,0.4065,1231
3483,0.4064,1232
1562,0.4064,1233
3596,0.4064,1234
3818,0.4063,1235
423,0.4059,1236
2923,0.4059,1237
3257,0.4058,1238
3492,0.4058,1239
1740,0.4057,1240
836,0.4053,1241
628,0.4052,1242
2197,0.4052,1243
4739,0.4050,1244
4756,0.4047,1245
4280,0.4047,1246
3150,0.4046,1247
4183,0.4046,1248
3075,0.4043,1249
2087,0.4041,1250
5195,0.4040,1251
2865,0.4040,1252
4864,0.4040,1253
4632,0.4039,1254
27,0.4037,1255
2310,0.4035,1256
3752,0.4035,1257
3147,0.4035,1258
258,0.4034,1259
4364,0.4033,1260
5142,0.4033,1261
122,0.4033,1262
4992,0.4032,1263
2040,0.4031,1264
4897,0.4030,1265
4444,0.4030,1266
1131,0.4028,1267
4084,0.4028,1268
269,0.4027,1269
1446,0.4026,1270
5178,0.4024,1271
4856,0.4023,1272
2835,0.4022,1273
459,0.4020,1274
1174,0.4019,1275
4188,0.4019,1276
363,0.4018,1277
4863,0.4016,1278
3949,0.4015,1279
1055,0.4013,1280
1778,0.4012,1281
142,0.4009,1282
3939,0.4008,1283
3447,0.4008,1284
4011,0.4006,1285
4471,0.4000,1286
5230,0.3998,1287
4848,0.3998,1288
3246,0.3996,1289
314,0.3992,1290
4806,0.3990,1291
865,0.3989,1292
1737,0.3989,1293
5147,0.3987,1294
1533,0.3987,1295
2790,0.3987,1296
3707,0.3986,1297
2347,0.3985,1298
4783,0.3984,1299
1224,0.3984,1300
1103,0.3981,1301
4030,0.3979,1302
3593,0.3977,1303
4541,0.3977,1304
1185,0.3977,1305
632,0.3974,1306
4590,0.3970,1307
1049,0.3968,1308
2637,0.3968,1309
2633,0.3967,1310
806,0.3966,1311
409,0.3965,1312
1894,0.3964,1313
899,0.3964,1314
68,0.3963,1315
286,0.3963,1316
2072,0.3961,1317
1387,0.3960,1318
4698,0.3960,1319
2427,0.3959,1320
4436,0.3958,1321
2345,0.3957,1322
2392,0.3956,1323
2034,0.3956,1324
4353,0.3956,1325
4425,0.3953,1326
1165,0.3953,1327
4276,0.3952,1328
4299,0.3951,1329
2712,0.3951,1330
4920,0.3950,1331
2547,0.3950,1332
503,0.3947,1333
1622,0.3946,1334
81,0.3944,1335
1506,0.3943,1336
5335,0.3942,1337
3004,0.3941,1338
1144,0.3938,1339
2980,0.3937,1340
4626,0.3935,1341
1269,0.3934,1342
1527,0.3928,1343
2873,0.3926,1344
11,0.3926,1345
4769,0.3926,1346
4974,0.3926,1347
2998,0.3926,1348
3249,0.3924,1349
138,0.3922,1350
4105,0.3921,1351
4480,0.3919,1352
513,0.3919,1353
4025,0.3918,1354
822,0.3917,1355
5368,0.3915,1356
5225,0.3915,1357
2794,0.3914,1358
1883,0.3912,1359
2895,0.3911,1360
451,0.3909,1361
2504,0.3909,1362
4735,0.3907,1363
1381,0.3907,1364
198,0.3907,1365
3278,0.3906,1366
2432,0.3906,1367
346,0.3902,1368
3221,0.3902,1369
4206,0.3899,1370
4786,0.3899,1371
1605,0.3898,1372
784,0.3896,1373
4174,0.3895,1374
1453,0.3894,1375
2556,0.3892,1376
529,0.3892,1377
2877,0.3890,1378
1390,0.3887,1379
3753,0.3886,1380
1199,0.3883,1381
5132,0.3879,1382
5279,0.3878,1383
3282,0.3877,1384
127,0.3875,1385
3430,0.3873,1386
4845,0.3871,1387
2721,0.3870,1388
4908,0.3869,1389
512,0.3867,1390
1571,0.3867,1391
1823,0.3866,1392
4965,0.3864,1393
2491,0.3863,1394
1509,0.3863,1395
1782,0.3861,1396
2976,0.3858,1397
5362,0.3858,1398
3700,0.3858,1399
4411,0.3856,1400
2338,0.3856,1401
2498,0.3855,1402
4737,0.3854,1403
5339,0.3853,1404
2773,0.3852,1405
1448,0.3851,1406
3293,0.3850,1407
2287,0.3849,1408
1672,0.3847,1409
140,0.3847,1410
318,0.3845,1411
4785,0.3844,1412
3558,0.3844,1413
5247,0.3843,1414
4763,0.3842,1415
283,0.3840,1416
926,0.3840,1417
197,0.3839,1418
1260,0.3837,1419
31,0.3836,1420
3189,0.3836,1421
1263,0.3834,1422
4161,0.3834,1423
5173,0.3832,1424
622,0.3832,1425
2634,0.3832,1426
2524,0.3830,1427
4371,0.3830,1428
5083,0.3829,1429
1583,0.3828,1430
356,0.3828,1431
5244,0.3826,1432
3328,0.3822,1433
3987,0.3822,1434
2548,0.3821,1435
1026,0.3821,1436
323,0.3820,1437
1556,0.3817,1438
5306,0.3817,1439
3424,0.3817,1440
3116,0.3817,1441
4423,0.3816,1442
4491,0.3815,1443
2379,0.3815,1444
4224,0.3814,1445
3014,0.3813,1446
3938,0.3813,1447
3027,0.3812,1448
3387,0.3811,1449
467,0.3810,1450
3060,0.3809,1451
4593,0.3808,1452
4582,0.3808,1453
496,0.3808,1454
3446,0.3808,1455
4050,0.3808,1456
1951,0.3806,1457
71,0.3805,1458
2106,0.3804,1459
1450,0.3803,1460
3539,0.3802,1461
2079,0.3802,1462
2986,0.3802,1463
3208,0.3801,1464
969,0.3801,1465
3214,0.3799,1466
4209,0.3798,1467
238,0.3795,1468
74,0.3794,1469
3559,0.3793,1470
3203,0.3791,1471
2486,0.3790,1472
3264,0.3789,1473
1267,0.3786,1474
1681,0.3786,1475
5355,0.3784,1476
3695,0.3783,1477
1313,0.3783,1478
1430,0.3783,1479
4751,0.3782,1480
3089,0.3782,1481
4923,0.3781,1482
3333,0.3779,1483
5399,0.3778,1484
835,0.3778,1485
3314,0.3777,1486
3260,0.3777,1487
2292,0.3775,1488
1984,0.3774,1489
4434,0.3773,1490
3268,0.3773,1491
4256,0.3772,1492
1151,0.3770,1493
2628,0.3768,1494
2462,0.3767,1495
844,0.3766,1496
2004,0.3760,1497
3843,0.3758,1498
617,0.3757,1499
125,0.3756,1500
2851,0.3751,1501
2947,0.3750,1502
579,0.3750,1503
2173,0.3747,1504
4906,0.3747,1505
5272,0.3747,1506
2797,0.3747,1507
2184,0.3746,1508
3182,0.3746,1509
165,0.3745,1510
1581,0.3745,1511
4724,0.3745,1512
371,0.3744,1513
377,0.3743,1514
4521,0.3742,1515
4896,0.3741,1516
5122,0.3741,1517
916,0.3740,1518
1619,0.3734,1519
3236,0.3732,1520
5353,0.3730,1521
338,0.3729,1522
3581,0.3728,1523
2219,0.3727,1524
3360,0.3727,1525
1081,0.3727,1526
461,0.3726,1527
3686,0.3724,1528
1473,0.3724,1529
2490,0.3720,1530
703,0.3720,1531
3773,0.3718,1532
110,0.3717,1533
4675,0.3715,1534
2841,0.3714,1535
2294,0.3713,1536
4458,0.3712,1537
4788,0.3712,1538
1785,0.3710,1539
493,0.3710,1540
3923,0.3709,1541
1654,0.3708,1542
5192,0.3708,1543
245,0.3707,1544
1180,0.3705,1545
4730,0.3705,1546
2999,0.3704,1547
1243,0.3704,1548
325,0.3704,1549
4912,0.3702,1550
2714,0.3702,1551
1564,0.3701,1552
1766,0.3700,1553
592,0.3699,1554
1122,0.3699,1555
2057,0.3699,1556
3615,0.3698,1557
3188,0.3698,1558
1090,0.3696,1559
5126,0.3693,1560
1689,0.3693,1561
3413,0.3692,1562
2116,0.3691,1563
3354,0.3691,1564
372,0.3691,1565
956,0.3690,1566
516,0.3689,1567
1014,0.3688,1568
3932,0.3688,1569
3457,0.3688,1570
2657,0.3686,1571
1653,0.3686,1572
4958,0.3686,1573
2738,0.3682,1574
1329,0.3682,1575
4288,0.3682,1576
1914,0.3680,1577
378,0.3679,1578
1637,0.3678,1579
1539,0.3677,1580
1398,0.3676,1581
456,0.3675,1582
270,0.3675,1583
2330,0.3673,1584
3461,0.3673,1585
1888,0.3673,1586
1230,0.3670,1587
475,0.3669,1588
77,0.3668,1589
1484,0.3666,1590
919,0.3666,1591
4527,0.3666,1592
1093,0.3665,1593
5364,0.3663,1594
2245,0.3663,1595
1991,0.3661,1596
4356,0.3660,1597
1477,0.3659,1598
3151,0.3659,1599
2128,0.3658,1600
5130,0.3657,1601
4620,0.3657,1602
3602,0.3657,1603
1910,0.3657,1604
4745,0.3656,1605
107,0.3654,1606
4898,0.3653,1607
739,0.3652,1608
3754,0.3652,1609
5332,0.3648,1610
1585,0.3648,1611
2989,0.3644,1612
4842,0.3644,1613
2791,0.3643,1614
4559,0.3643,1615
2012,0.3641,1616
5125,0.3640,1617
1204,0.3640,1618
4221,0.3640,1619
1359,0.3639,1620
5163,0.3634,1621
460,0.3634,1622
3217,0.3634,1623
3973,0.3634,1624
4024,0.3633,1625
1413,0.3633,1626
5239,0.3632,1627
3756,0.3632,1628
2511,0.3632,1629
2600,0.3632,1630
1820,0.3629,1631
3978,0.3628,1632
2255,0.3628,1633
3475,0.3626,1634
4741,0.3625,1635
3827,0.3624,1636
3956,0.3624,1637
1113,0.3623,1638
4951,0.3621,1639
2509,0.3619,1640
798,0.3619,1641
4431,0.3618,1642
638,0.3618,1643
3880,0.3617,1644
2577,0.3615,1645
1600,0.3615,1646
3200,0.3614,1647
5198,0.3612,1648
2420,0.3611,1649
2233,0.3610,1650
1909,0.3610,1651
1414,0.3608,1652
1478,0.3608,1653
234,0.3607,1654
394,0.3604,1655
2697,0.3600,1656
4096,0.3599,1657
5303,0.3599,1658
2259,0.3599,1659
85,0.3596,1660
309,0.3595,1661
1279,0.3594,1662
4597,0.3594,1663
3276,0.3593,1664
2510,0.3593,1665
156,0.3591,1666
4516,0.3591,1667
738,0.3590,1668
4973,0.3590,1669
1758,0.3589,1670
3894,0.3587,1671
3494,0.3587,1672
2172,0.3586,1673
3783,0.3583,1674
3933,0.3583,1675
3375,0.3582,1676
4714,0.3582,1677
282,0.3582,1678
2281,0.3580,1679
5271,0.3580,1680
379,0.3579,1681
4341,0.3579,1682
4333,0.3578,1683
4134,0.3577,1684
417,0.3577,1685
445,0.3576,1686
2883,0.3576,1687
5067,0.3576,1688
2802,0.3575,1689
2499,0.3574,1690
4336,0.3573,1691
5325,0.3572,1692
3906,0.3572,1693
2295,0.3572,1694
4290,0.3572,1695
4565,0.3570,1696
2925,0.3567,1697
491,0.3564,1698
1203,0.3564,1699
1,0.3564,1700
1592,0.3562,1701
589,0.3562,1702
947,0.3561,1703
5351,0.3560,1704
3861,0.3556,1705
1370,0.3554,1706
28,0.3554,1707
3540,0.3553,1708
4771,0.3550,1709
6,0.3546,1710
2446,0.3546,1711
136,0.3545,1712
3164,0.3545,1713
2771,0.3542,1714
4649,0.3541,1715
702,0.3540,1716
2811,0.3539,1717
2324,0.3539,1718
1897,0.3537,1719
2160,0.3536,1720
3131,0.3535,1721
1469,0.3532,1722
4589,0.3530,1723
1831,0.3530,1724
310,0.3530,1725
2435,0.3529,1726
3966,0.3528,1727
498,0.3526,1728
4916,0.3526,1729
4295,0.3525,1730
3927,0.3524,1731
2183,0.3521,1732
4523,0.3520,1733
2821,0.3519,1734
774,0.3518,1735
532,0.3515,1736
1157,0.3515,1737
3437,0.3513,1738
1550,0.3511,1739
2537,0.3508,1740
4166,0.3505,1741
541,0.3502,1742
7,0.3502,1743
1971,0.3500,1744
3436,0.3499,1745
4382,0.3499,1746
2359,0.3497,1747
824,0.3497,1748
4508,0.3495,1749
953,0.3494,1750
2082,0.3492,1751
135,0.3490,1752
5093,0.3489,1753
4609,0.3488,1754
3459,0.3487,1755
98,0.3485,1756
414,0.3484,1757
1720,0.3483,1758
5019,0.3482,1759
2690,0.3481,1760
2112,0.3481,1761
2799,0.3481,1762
2300,0.3481,1763
1369,0.3481,1764
3825,0.3481,1765
2090,0.3481,1766
4615,0.3480,1767
615,0.3478,1768
5391,0.3477,1769
390,0.3477,1770
1303,0.3476,1771
4922,0.3476,1772
5194,0.3475,1773
4067,0.3473,1774
1743,0.3473,1775
4761,0.3472,1776
3901,0.3471,1777
847,0.3470,1778
3848,0.3469,1779
5123,0.3469,1780
473,0.3466,1781
2587,0.3466,1782
1711,0.3465,1783
1718,0.3463,1784
113,0.3463,1785
1178,0.3463,1786
4465,0.3462,1787
99,0.3462,1788
3465,0.3461,1789
2928,0.3459,1790
2029,0.3459,1791
3623,0.3458,1792
49,0.3458,1793
1680,0.3457,1794
4390,0.3457,1795
578,0.3456,1796
2622,0.3456,1797
2372,0.3455,1798
2949,0.3453,1799
4190,0.3451,1800
4578,0.3451,1801
2844,0.3449,1802
2272,0.3449,1803
4955,0.3448,1804
4257,0.3448,1805
2781,0.3446,1806
137,0.3445,1807
4979,0.3444,1808
1206,0.3444,1809
2368,0.3444,1810
3367,0.3441,1811
5048,0.3441,1812
1774,0.3440,1813
3391,0.3440,1814
2045,0.3437,1815
3120,0.3437,1816
3435,0.3433,1817
3138,0.3433,1818
5240,0.3433,1819
168,0.3432,1820
4858,0.3430,1821
2782,0.3429,1822
826,0.3429,1823
2449,0.3429,1824
920,0.3429,1825
2095,0.3428,1826
3240,0.3428,1827
3585,0.3428,1828
4292,0.3427,1829
5149,0.3427,1830
4943,0.3426,1831
1325,0.3426,1832
124,0.3425,1833
564,0.3423,1834
2192,0.3423,1835
519,0.3423,1836
1640,0.3423,1837
3672,0.3421,1838
444,0.3421,1839
1584,0.3417,1840
4639,0.3417,1841
3549,0.3417,1842
3286,0.3416,1843
819,0.3415,1844
2317,0.3415,1845
215,0.3415,1846
965,0.3413,1847
2930,0.3412,1848
454,0.3412,1849
4823,0.3411,1850
3366,0.3410,1851
340,0.3410,1852
2358,0.3409,1853
2244,0.3409,1854
2929,0.3409,1855
993,0.3408,1856
2081,0.3407,1857
3568,0.3406,1858
3355,0.3406,1859
4318,0.3405,1860
4187,0.3405,1861
3099,0.3404,1862
514,0.3404,1863
2893,0.3402,1864
3168,0.3401,1865
2732,0.3400,1866
4468,0.3400,1867
1683,0.3400,1868
359,0.3399,1869
4764,0.3398,1870
3681,0.3396,1871
4558,0.3395,1872
5357,0.3395,1873
3595,0.3395,1874
3247,0.3394,1875
3726,0.3394,1876
1242,0.3393,1877
453,0.3393,1878
3266,0.3393,1879
4303,0.3393,1880
4378,0.3393,1881
4452,0.3392,1882
4301,0.3392,1883
1709,0.3391,1884
3762,0.3390,1885
2824,0.3389,1886
4658,0.3388,1887
2555,0.3388,1888
4894,0.3387,1889
5288,0.3386,1890
2091,0.3386,1891
2206,0.3385,1892
1024,0.3384,1893
3577,0.3384,1894
2519,0.3382,1895
418,0.3381,1896
941,0.3380,1897
1690,0.3378,1898
2912,0.3378,1899
4116,0.3376,1900
2636,0.3375,1901
4611,0.3375,1902
4799,0.3375,1903
2191,0.3375,1904
1172,0.3374,1905
4798,0.3374,1906
5372,0.3371,1907
1603,0.3371,1908
5374,0.3370,1909
18,0.3370,1910
3710,0.3369,1911
472,0.3368,1912
1531,0.3367,1913
3433,0.3367,1914
382,0.3366,1915
5356,0.3366,1916
4716,0.3366,1917
1493,0.3364,1918
2056,0.3364,1919
1382,0.3364,1920
4080,0.3363,1921
3201,0.3362,1922
4566,0.3362,1923
2342,0.3361,1924
3968,0.3361,1925
506,0.3360,1926
22,0.3360,1927
237,0.3360,1928
2691,0.3360,1929
5011,0.3359,1930
1607,0.3358,1931
4801,0.3358,1932
320,0.3356,1933
4259,0.3355,1934
2250,0.3355,1935
1958,0.3355,1936
2814,0.3354,1937
150,0.3354,1938
1333,0.3354,1939
476,0.3351,1940
1468,0.3348,1941
4018,0.3346,1942
4832,0.3344,1943
3378,0.3344,1944
1630,0.3344,1945
2019,0.3344,1946
4045,0.3343,1947
4966,0.3343,1948
3464,0.3341,1949
1857,0.3341,1950
4226,0.3339,1951
2061,0.3337,1952
2470,0.3337,1953
5060,0.3337,1954
860,0.3333,1955
1295,0.3332,1956
2296,0.3331,1957
1409,0.3331,1958
177,0.3331,1959
2140,0.3328,1960
4339,0.3328,1961
4131,0.3327,1962
1195,0.3325,1963
5032,0.3325,1964
4326,0.3323,1965
2444,0.3322,1966
4253,0.3322,1967
4561,0.3321,1968
2754,0.3321,1969
1899,0.3319,1970
2768,0.3319,1971
4728,0.3318,1972
1561,0.3317,1973
4688,0.3315,1974
5383,0.3314,1975
5401,0.3314,1976
2692,0.3312,1977
5209,0.3311,1978
3957,0.3310,1979
1634,0.3309,1980
4079,0.3308,1981
2182,0.3308,1982
2550,0.3306,1983
2913,0.3305,1984
1445,0.3305,1985
2466,0.3304,1986
3395,0.3303,1987
1497,0.3303,1988
272,0.3303,1989
4924,0.3303,1990
424,0.3302,1991
141,0.3301,1992
2003,0.3301,1993
2125,0.3300,1994
5207,0.3300,1995
4793,0.3299,1996
4157,0.3298,1997
5159,0.3298,1998
1860,0.3297,1999
2053,0.3296,2000
2264,0.3293,2001
2784,0.3293,2002
4148,0.3293,2003
3341,0.3292,2004
3418,0.3292,2005
3187,0.3290,2006
3414,0.3289,2007
3789,0.3287,2008
4927,0.3287,2009
840,0.3286,2010
2948,0.3286,2011
2702,0.3282,2012
2534,0.3281,2013
3804,0.3281,2014
1273,0.3280,2015
928,0.3280,2016
1512,0.3280,2017
3912,0.3279,2018
3994,0.3279,2019
3259,0.3278,2020
3177,0.3277,2021
3974,0.3277,2022
5346,0.3275,2023
3991,0.3275,2024
2767,0.3275,2025
248,0.3275,2026
4978,0.3274,2027
4861,0.3274,2028
1391,0.3273,2029
2952,0.3272,2030
4882,0.3271,2031
4522,0.3268,2032
4837,0.3268,2033
1925,0.3267,2034
3965,0.3266,2035
3579,0.3265,2036
3526,0.3263,2037
161,0.3263,2038
4819,0.3262,2039
3232,0.3260,2040
87,0.3260,2041
5059,0.3258,2042
1928,0.3258,2043
352,0.3258,2044
5137,0.3257,2045
3582,0.3257,2046
5313,0.3256,2047
3320,0.3255,2048
3896,0.3255,2049
5413,0.3254,2050
2734,0.3252,2051
4667,0.3252,2052
1716,0.3251,2053
3481,0.3251,2054
2513,0.3251,2055
4644,0.3251,2056
3859,0.3250,2057
2475,0.3249,2058
1554,0.3248,2059
2916,0.3246,2060
1154,0.3246,2061
3291,0.3246,2062
1229,0.3246,2063
1733,0.3244,2064
3909,0.3244,2065
1546,0.3244,2066
3372,0.3244,2067
4443,0.3243,2068
3915,0.3243,2069
2223,0.3243,2070
494,0.3242,2071
542,0.3241,2072
3575,0.3241,2073
3057,0.3240,2074
3441,0.3239,2075
5336,0.3239,2076
3223,0.3239,2077
3045,0.3239,2078
1907,0.3238,2079
2149,0.3236,2080
3722,0.3235,2081
910,0.3235,2082
3793,0.3235,2083
3381,0.3234,2084
4129,0.3234,2085
4349,0.3230,2086
3795,0.3229,2087
133,0.3229,2088
1643,0.3227,2089
3511,0.3227,2090
4484,0.3226,2091
3971,0.3226,2092
608,0.3225,2093
3154,0.3224,2094
3269,0.3222,2095
2665,0.3222,2096
2452,0.3222,2097
5217,0.3222,2098
2291,0.3221,2099
405,0.3221,2100
4391,0.3221,2101
2536,0.3221,2102
4810,0.3218,2103
1952,0.3217,2104
627,0.3215,2105
3662,0.3214,2106
4851,0.3212,2107
2922,0.3212,2108
4230,0.3211,2109
4111,0.3210,2110
797,0.3209,2111
1072,0.3209,2112
5046,0.3206,2113
78,0.3203,2114
4750,0.3202,2115
1146,0.3202,2116
639,0.3201,2117
4145,0.3201,2118
3070,0.3200,2119
2341,0.3200,2120
2795,0.3200,2121
2086,0.3200,2122
2465,0.3197,2123
3453,0.3195,2124
3592,0.3195,2125
1319,0.3195,2126
3261,0.3195,2127
437,0.3189,2128
2311,0.3186,2129
2640,0.3185,2130
4089,0.3185,2131
1626,0.3182,2132
943,0.3182,2133
4702,0.3181,2134
4694,0.3180,2135
3677,0.3180,2136
4606,0.3180,2137
1187,0.3178,2138
4077,0.3173,2139
3571,0.3171,2140
2819,0.3171,2141
4640,0.3166,2142
2043,0.3165,2143
4273,0.3165,2144
2221,0.3165,2145
766,0.3164,2146
2609,0.3164,2147
4981,0.3164,2148
2068,0.3163,2149
4,0.3163,2150
3659,0.3163,2151
3554,0.3162,2152
3941,0.3162,2153
626,0.3161,2154
4754,0.3161,2155
3351,0.3160,2156
911,0.3160,2157
173,0.3160,2158
2208,0.3159,2159
5344,0.3158,2160
4426,0.3158,2161
1727,0.3158,2162
515,0.3157,2163
4234,0.3156,2164
1389,0.3154,2165
2871,0.3151,2166
5255,0.3150,2167
232,0.3150,2168
162,0.3149,2169
342,0.3149,2170
255,0.3148,2171
220,0.3148,2172
2101,0.3147,2173
2552,0.3147,2174
2817,0.3146,2175
2595,0.3145,2176
1959,0.3143,2177
4910,0.3142,2178
518,0.3141,2179
4380,0.3140,2180
605,0.3139,2181
4143,0.3139,2182
3869,0.3139,2183
2190,0.3136,2184
4072,0.3136,2185
5315,0.3135,2186
2388,0.3135,2187
851,0.3134,2188
96,0.3134,2189
4931,0.3132,2190
5064,0.3132,2191
24,0.3130,2192
2602,0.3130,2193
3696,0.3129,2194
930,0.3127,2195
5045,0.3126,2196
4880,0.3124,2197
447,0.3118,2198
3887,0.3118,2199
2386,0.3117,2200
3730,0.3117,2201
1086,0.3110,2202
2266,0.3110,2203
3048,0.3110,2204
927,0.3109,2205
2862,0.3108,2206
3199,0.3107,2207
239,0.3104,2208
4570,0.3103,2209
2576,0.3103,2210
973,0.3103,2211
2840,0.3100,2212
3578,0.3099,2213
3715,0.3099,2214
51,0.3099,2215
2224,0.3099,2216
3327,0.3098,2217
857,0.3097,2218
3280,0.3095,2219
2936,0.3095,2220
1749,0.3095,2221
3332,0.3093,2222
3198,0.3093,2223
1839,0.3092,2224
4498,0.3090,2225
5257,0.3089,2226
4580,0.3089,2227
1287,0.3088,2228
2868,0.3087,2229
5150,0.3086,2230
1913,0.3086,2231
3098,0.3084,2232
3618,0.3083,2233
2278,0.3083,2234
5223,0.3083,2235
1725,0.3083,2236
4402,0.3083,2237
4987,0.3082,2238
3427,0.3081,2239
3865,0.3080,2240
1900,0.3080,2241
5119,0.3079,2242
3676,0.3078,2243
2567,0.3077,2244
1931,0.3076,2245
1614,0.3075,2246
2935,0.3073,2247
3383,0.3072,2248
1848,0.3072,2249
531,0.3069,2250
1945,0.3068,2251
3652,0.3066,2252
3935,0.3066,2253
4651,0.3066,2254
3922,0.3066,2255
3792,0.3064,2256
2167,0.3064,2257
469,0.3064,2258
3799,0.3064,2259
1618,0.3064,2260
1150,0.3062,2261
3502,0.3061,2262
586,0.3061,2263
4555,0.3061,2264
807,0.3060,2265
4422,0.3058,2266
3954,0.3057,2267
1502,0.3056,2268
3007,0.3056,2269
3051,0.3055,2270
2258,0.3055,2271
4455,0.3053,2272
3693,0.3052,2273
3409,0.3052,2274
1920,0.3051,2275
2753,0.3050,2276
3289,0.3049,2277
1212,0.3049,2278
1177,0.3049,2279
2262,0.3048,2280
2750,0.3048,2281
262,0.3046,2282
3439,0.3046,2283
336,0.3046,2284
4214,0.3042,2285
2058,0.3042,2286
1304,0.3042,2287
1268,0.3041,2288
29,0.3040,2289
2970,0.3040,2290
1922,0.3040,2291
235,0.3039,2292
2109,0.3039,2293
4172,0.3037,2294
4223,0.3036,2295
2351,0.3035,2296
365,0.3035,2297
2094,0.3034,2298
2437,0.3034,2299
4934,0.3033,2300
2193,0.3032,2301
180,0.3031,2302
3515,0.3031,2303
1901,0.3028,2304
2901,0.3026,2305
2014,0.3026,2306
2253,0.3025,2307
3370,0.3025,2308
1872,0.3025,2309
2165,0.3023,2310
109,0.3022,2311
2385,0.3022,2312
3449,0.3021,2313
3942,0.3021,2314
1168,0.3021,2315
2060,0.3021,2316
440,0.3018,2317
219,0.3018,2318
4099,0.3017,2319
3647,0.3017,2320
2793,0.3014,2321
2050,0.3013,2322
5201,0.3013,2323
1773,0.3012,2324
396,0.3011,2325
184,0.3011,2326
885,0.3010,2327
1169,0.3009,2328
2428,0.3009,2329
2951,0.3009,2330
597,0.3008,2331
2211,0.3006,2332
3445,0.3005,2333
175,0.3005,2334
2118,0.3005,2335
2525,0.3004,2336
4768,0.3004,2337
369,0.3004,2338
2660,0.3004,2339
5376,0.3003,2340
852,0.3002,2341
3867,0.3002,2342
2792,0.3001,2343
3958,0.3001,2344
1211,0.2997,2345
3031,0.2997,2346
2512,0.2996,2347
4986,0.2995,2348
4902,0.2995,2349
740,0.2995,2350
4994,0.2994,2351
1658,0.2994,2352
4232,0.2990,2353
4575,0.2990,2354
2062,0.2990,2355
1586,0.2987,2356
876,0.2986,2357
4207,0.2985,2358
421,0.2983,2359
2848,0.2979,2360
4222,0.2979,2361
5108,0.2978,2362
3288,0.2978,2363
3251,0.2975,2364
602,0.2974,2365
872,0.2974,2366
5148,0.2974,2367
3225,0.2973,2368
353,0.2972,2369
4760,0.2972,2370
2647,0.2971,2371
370,0.2970,2372
1139,0.2968,2373
4502,0.2968,2374
3911,0.2967,2375
1372,0.2966,2376
2378,0.2966,2377
4210,0.2966,2378
1466,0.2965,2379
3426,0.2964,2380
190,0.2964,2381
5124,0.2963,2382
795,0.2962,2383
4101,0.2962,2384
4935,0.2960,2385
3021,0.2960,2386
91,0.2958,2387
1219,0.2957,2388
1254,0.2957,2389
3067,0.2957,2390
3284,0.2957,2391
2374,0.2956,2392
1251,0.2956,2393
3849,0.2955,2394
2686,0.2955,2395
3919,0.2954,2396
4440,0.2953,2397
5054,0.2953,2398
2515,0.2951,2399
1529,0.2951,2400
1118,0.2950,2401
5212,0.2950,2402
3373,0.2949,2403
256,0.2948,2404
1861,0.2948,2405
958,0.2946,2406
1551,0.2946,2407
471,0.2945,2408
2932,0.2945,2409
945,0.2945,2410
4772,0.2945,2411
442,0.2944,2412
667,0.2942,2413
3466,0.2942,2414
823,0.2942,2415
4505,0.2941,2416
4884,0.2941,2417
2718,0.2940,2418
2236,0.2940,2419
1670,0.2940,2420
1843,0.2939,2421
132,0.2938,2422
5203,0.2937,2423
2543,0.2935,2424
2631,0.2935,2425
285,0.2933,2426
4700,0.2931,2427
3616,0.2931,2428
4840,0.2931,2429
4083,0.2931,2430
583,0.2930,2431
1232,0.2929,2432
4928,0.2929,2433
3406,0.2929,2434
3760,0.2928,2435
4733,0.2927,2436
225,0.2927,2437
479,0.2926,2438
580,0.2925,2439
2297,0.2925,2440
4008,0.2924,2441
3104,0.2924,2442
1884,0.2924,2443
12,0.2923,2444
4152,0.2923,2445
1744,0.2922,2446
1719,0.2922,2447
2176,0.2921,2448
3638,0.2921,2449
3283,0.2921,2450
2237,0.2920,2451
1828,0.2920,2452
1771,0.2919,2453
10,0.2919,2454
2202,0.2918,2455
4915,0.2915,2456
1099,0.2915,2457
2326,0.2914,2458
2780,0.2913,2459
3339,0.2913,2460
60,0.2912,2461
2757,0.2912,2462
5275,0.2909,2463
4534,0.2909,2464
4587,0.2909,2465
1601,0.2908,2466
489,0.2906,2467
2663,0.2906,2468
4662,0.2905,2469
4883,0.2905,2470
73,0.2905,2471
1666,0.2904,2472
2968,0.2902,2473
263,0.2902,2474
3175,0.2902,2475
4841,0.2901,2476
2316,0.2900,2477
3072,0.2900,2478
4321,0.2900,2479
2321,0.2897,2480
570,0.2896,2481
261,0.2896,2482
3983,0.2895,2483
5216,0.2894,2484
1379,0.2893,2485
599,0.2892,2486
2346,0.2890,2487
4993,0.2890,2488
3434,0.2888,2489
2137,0.2888,2490
3097,0.2886,2491
4857,0.2886,2492
259,0.2885,2493
820,0.2884,2494
3234,0.2883,2495
4930,0.2883,2496
5106,0.2883,2497
3425,0.2883,2498
2201,0.2880,2499
3210,0.2879,2500
3619,0.2879,2501
1929,0.2878,2502
2154,0.2878,2503
2518,0.2877,2504
4400,0.2877,2505
2629,0.2877,2506
2138,0.2877,2507
3349,0.2876,2508
2648,0.2875,2509
708,0.2875,2510
2005,0.2875,2511
61,0.2874,2512
2866,0.2873,2513
3630,0.2873,2514
2441,0.2872,2515
2920,0.2868,2516
2904,0.2868,2517
1511,0.2868,2518
3749,0.2867,2519
5274,0.2866,2520
1073,0.2865,2521
25,0.2864,2522
3856,0.2863,2523
549,0.2863,2524
3037,0.2863,2525
4843,0.2862,2526
2228,0.2862,2527
4424,0.2861,2528
1283,0.2860,2529
1677,0.2860,2530
1981,0.2859,2531
1668,0.2856,2532
1274,0.2855,2533
5092,0.2855,2534
2010,0.2854,2535
4081,0.2853,2536
2803,0.2853,2537
5291,0.2851,2538
4719,0.2850,2539
3301,0.2850,2540
3621,0.2850,2541
3078,0.2848,2542
468,0.2847,2543
5402,0.2847,2544
3400,0.2846,2545
4614,0.2846,2546
4574,0.2845,2547
1265,0.2844,2548
3421,0.2843,2549
1050,0.2843,2550
3921,0.2842,2551
2830,0.2840,2552
5400,0.2840,2553
1327,0.2839,2554
3126,0.2838,2555
2612,0.2837,2556
2454,0.2837,2557
3065,0.2836,2558
15,0.2836,2559
2331,0.2834,2560
1854,0.2833,2561
909,0.2833,2562
155,0.2832,2563
2809,0.2829,2564
2409,0.2829,2565
2487,0.2829,2566
1885,0.2828,2567
2766,0.2828,2568
2890,0.2827,2569
2489,0.2826,2570
2073,0.2824,2571
1777,0.2822,2572
5292,0.2822,2573
905,0.2821,2574
1312,0.2820,2575
4661,0.2818,2576
3277,0.2818,2577
4019,0.2816,2578
594,0.2816,2579
3468,0.2814,2580
5117,0.2811,2581
4899,0.2810,2582
3576,0.2810,2583
533,0.2810,2584
1694,0.2810,2585
3918,0.2809,2586
1191,0.2809,2587
47,0.2809,2588
4833,0.2808,2589
4029,0.2808,2590
5043,0.2806,2591
2727,0.2805,2592
4017,0.2805,2593
2099,0.2805,2594
3777,0.2804,2595
4430,0.2803,2596
3115,0.2803,2597
4217,0.2803,2598
4726,0.2802,2599
755,0.2802,2600
2448,0.2801,2601
4384,0.2801,2602
2315,0.2800,2603
5190,0.2800,2604
3725,0.2800,2605
2523,0.2799,2606
3910,0.2798,2607
4163,0.2797,2608
4711,0.2796,2609
5251,0.2796,2610
3415,0.2795,2611
299,0.2795,2612
3003,0.2793,2613
4501,0.2793,2614
398,0.2792,2615
2501,0.2791,2616
112,0.2789,2617
2355,0.2789,2618
601,0.2789,2619
1282,0.2788,2620
2597,0.2787,2621
2097,0.2785,2622
4346,0.2785,2623
3440,0.2784,2624
264,0.2784,2625
1647,0.2784,2626
3872,0.2781,2627
4437,0.2780,2628
2307,0.2780,2629
3008,0.2778,2630
3885,0.2778,2631
1998,0.2778,2632
1193,0.2778,2633
4878,0.2777,2634
5055,0.2776,2635
2516,0.2776,2636
5361,0.2776,2637
2606,0.2774,2638
892,0.2774,2639
2434,0.2773,2640
2616,0.2773,2641
2052,0.2772,2642
2129,0.2772,2643
3124,0.2770,2644
1092,0.2770,2645
4870,0.2770,2646
3450,0.2770,2647
3369,0.2768,2648
1933,0.2768,2649
322,0.2767,2650
1570,0.2767,2651
3081,0.2767,2652
593,0.2766,2653
2302,0.2765,2654
2238,0.2765,2655
4790,0.2764,2656
470,0.2762,2657
551,0.2762,2658
1604,0.2762,2659
4076,0.2758,2660
4097,0.2758,2661
2144,0.2758,2662
1252,0.2758,2663
308,0.2757,2664
19,0.2757,2665
1490,0.2757,2666
1125,0.2755,2667
121,0.2754,2668
4185,0.2754,2669
5015,0.2753,2670
2164,0.2753,2671
2788,0.2752,2672
4779,0.2752,2673
4202,0.2751,2674
2350,0.2751,2675
4159,0.2751,2676
600,0.2749,2677
1765,0.2747,2678
1296,0.2746,2679
5065,0.2746,2680
2147,0.2745,2681
2572,0.2744,2682
2179,0.2743,2683
3129,0.2743,2684
4122,0.2742,2685
3018,0.2742,2686
4385,0.2740,2687
4960,0.2739,2688
4551,0.2738,2689
1801,0.2738,2690
5191,0.2738,2691
3335,0.2737,2692
1609,0.2737,2693
555,0.2736,2694
1278,0.2735,2695
779,0.2733,2696
4023,0.2732,2697
1153,0.2732,2698
815,0.2732,2699
1722,0.2732,2700
1320,0.2731,2701
2400,0.2730,2702
101,0.2728,2703
3412,0.2727,2704
4091,0.2727,2705
3171,0.2726,2706
4241,0.2725,2707
94,0.2724,2708
4646,0.2724,2709
3173,0.2723,2710
5127,0.2723,2711
4746,0.2723,2712
4446,0.2723,2713
3176,0.2722,2714
5382,0.2722,2715
3022,0.2722,2716
2313,0.2722,2717
1186,0.2721,2718
1155,0.2721,2719
3990,0.2720,2720
4718,0.2720,2721
4240,0.2720,2722
4397,0.2720,2723
4298,0.2719,2724
4124,0.2717,2725
3641,0.2716,2726
3380,0.2716,2727
2689,0.2716,2728
4656,0.2715,2729
240,0.2715,2730
2074,0.2714,2731
30,0.2713,2732
3013,0.2713,2733
160,0.2713,2734
1892,0.2713,2735
3877,0.2712,2736
619,0.2712,2737
762,0.2712,2738
84,0.2712,2739
1158,0.2711,2740
1633,0.2711,2741
4031,0.2709,2742
4110,0.2709,2743
3157,0.2709,2744
4510,0.2708,2745
2248,0.2707,2746
1970,0.2706,2747
221,0.2705,2748
1355,0.2705,2749
196,0.2705,2750
4168,0.2703,2751
3993,0.2700,2752
5161,0.2700,2753
1574,0.2699,2754
1954,0.2698,2755
5170,0.2696,2756
1972,0.2695,2757
2194,0.2695,2758
236,0.2695,2759
2411,0.2694,2760
3514,0.2694,2761
4867,0.2692,2762
1208,0.2692,2763
62,0.2692,2764
4304,0.2690,2765
4982,0.2690,2766
354,0.2690,2767
2328,0.2689,2768
989,0.2688,2769
89,0.2688,2770
3850,0.2688,2771
2447,0.2686,2772
1317,0.2685,2773
505,0.2685,2774
1126,0.2684,2775
1874,0.2684,2776
4144,0.2684,2777
2991,0.2684,2778
296,0.2682,2779
554,0.2681,2780
360,0.2681,2781
1873,0.2679,2782
3469,0.2679,2783
5227,0.2679,2784
1311,0.2679,2785
5094,0.2679,2786
4610,0.2678,2787
1069,0.2677,2788
484,0.2677,2789
3137,0.2677,2790
1834,0.2676,2791
1794,0.2674,2792
1013,0.2672,2793
4664,0.2672,2794
981,0.2672,2795
4659,0.2672,2796
1673,0.2671,2797
187,0.2671,2798
3946,0.2670,2799
2008,0.2669,2800
2200,0.2669,2801
2314,0.2668,2802
1648,0.2668,2803
253,0.2667,2804
1715,0.2667,2805
2235,0.2665,2806
1646,0.2665,2807
1992,0.2664,2808
1112,0.2662,2809
3474,0.2661,2810
3541,0.2660,2811
1471,0.2658,2812
3936,0.2656,2813
1184,0.2656,2814
575,0.2655,2815
333,0.2655,2816
2051,0.2655,2817
163,0.2653,2818
1845,0.2652,2819
2477,0.2652,2820
821,0.2652,2821
3265,0.2651,2822
4547,0.2648,2823
3172,0.2646,2824
3552,0.2644,2825
4428,0.2643,2826
5317,0.2643,2827
1895,0.2641,2828
1783,0.2638,2829
2231,0.2636,2830
1904,0.2636,2831
986,0.2636,2832
192,0.2635,2833
3597,0.2634,2834
3215,0.2634,2835
244,0.2632,2836
3334,0.2632,2837
4631,0.2632,2838
3924,0.2630,2839
3899,0.2629,2840
2413,0.2629,2841
2744,0.2629,2842
1214,0.2626,2843
614,0.2626,2844
1380,0.2626,2845
566,0.2626,2846
1100,0.2624,2847
4509,0.2623,2848
2482,0.2623,2849
3101,0.2622,2850
3900,0.2621,2851
1563,0.2620,2852
1079,0.2619,2853
375,0.2619,2854
3948,0.2615,2855
4102,0.2615,2856
4136,0.2614,2857
4977,0.2613,2858
4535,0.2613,2859
788,0.2612,2860
4895,0.2611,2861
3363,0.2609,2862
2964,0.2609,2863
5345,0.2609,2864
1763,0.2608,2865
3038,0.2607,2866
2827,0.2607,2867
1786,0.2607,2868
3317,0.2607,2869
1363,0.2606,2870
5342,0.2606,2871
2399,0.2605,2872
2135,0.2604,2873
2699,0.2603,2874
2469,0.2602,2875
724,0.2602,2876
3815,0.2601,2877
2876,0.2600,2878
5296,0.2600,2879
1734,0.2599,2880
5145,0.2598,2881
118,0.2598,2882
300,0.2598,2883
4821,0.2597,2884
3086,0.2596,2885
4109,0.2596,2886
1596,0.2596,2887
3316,0.2596,2888
3934,0.2596,2889
2382,0.2595,2890
2910,0.2594,2891
4475,0.2593,2892
3079,0.2593,2893
853,0.2593,2894
4307,0.2593,2895
3239,0.2592,2896
3458,0.2592,2897
4515,0.2591,2898
2579,0.2590,2899
1915,0.2589,2900
2455,0.2588,2901
5063,0.2588,2902
3995,0.2586,2903
4478,0.2586,2904
4405,0.2584,2905
368,0.2584,2906
5285,0.2583,2907
1111,0.2583,2908
3546,0.2582,2909
1053,0.2582,2910
2561,0.2581,2911
337,0.2581,2912
4560,0.2581,2913
1789,0.2581,2914
833,0.2579,2915
2772,0.2579,2916
1084,0.2579,2917
3105,0.2578,2918
1138,0.2577,2919
874,0.2576,2920
151,0.2575,2921
1290,0.2573,2922
4189,0.2572,2923
2906,0.2571,2924
1097,0.2571,2925
2924,0.2569,2926
1898,0.2569,2927
1289,0.2569,2928
3989,0.2569,2929
5196,0.2568,2930
1217,0.2564,2931
2892,0.2564,2932
145,0.2564,2933
83,0.2564,2934
3041,0.2563,2935
4600,0.2563,2936
4065,0.2560,2937
1027,0.2560,2938
3132,0.2560,2939
4862,0.2559,2940
54,0.2558,2941
5320,0.2556,2942
2960,0.2556,2943
63,0.2555,2944
4666,0.2554,2945
2013,0.2554,2946
1997,0.2553,2947
3049,0.2552,2948
1353,0.2551,2949
796,0.2549,2950
3146,0.2547,2951
3521,0.2543,2952
5321,0.2543,2953
5181,0.2543,2954
1247,0.2543,2955
2729,0.2540,2956
1424,0.2540,2957
915,0.2539,2958
1410,0.2537,2959
1057,0.2537,2960
5021,0.2537,2961
2000,0.2537,2962
458,0.2536,2963
5037,0.2536,2964
432,0.2534,2965
903,0.2530,2966
1347,0.2529,2967
2492,0.2529,2968
50,0.2529,2969
2688,0.2528,2970
4815,0.2528,2971
5174,0.2528,2972
2905,0.2528,2973
3846,0.2528,2974
4584,0.2528,2975
153,0.2528,2976
1314,0.2528,2977
1851,0.2527,2978
5311,0.2527,2979
4399,0.2526,2980
2966,0.2525,2981
2047,0.2525,2982
1117,0.2525,2983
2823,0.2525,2984
2389,0.2525,2985
3368,0.2524,2986
2016,0.2523,2987
2476,0.2522,2988
4277,0.2522,2989
59,0.2521,2990
2414,0.2519,2991
482,0.2518,2992
5386,0.2518,2993
280,0.2516,2994
1401,0.2516,2995
1871,0.2516,2996
5389,0.2515,2997
3746,0.2515,2998
3560,0.2515,2999
4557,0.2515,3000
1661,0.2515,3001
2564,0.2515,3002
3347,0.2514,3003
2742,0.2513,3004
4803,0.2513,3005
3444,0.2512,3006
781,0.2511,3007
1595,0.2510,3008
2421,0.2509,3009
3584,0.2509,3010
2256,0.2509,3011
487,0.2508,3012
4691,0.2507,3013
884,0.2507,3014
950,0.2506,3015
251,0.2505,3016
3250,0.2505,3017
734,0.2504,3018
5218,0.2504,3019
3254,0.2504,3020
2218,0.2503,3021
1377,0.2503,3022
1632,0.2503,3023
3110,0.2502,3024
2366,0.2502,3025
1482,0.2500,3026
1338,0.2500,3027
4774,0.2499,3028
850,0.2498,3029
4913,0.2497,3030
4962,0.2497,3031
867,0.2497,3032
4447,0.2496,3033
3838,0.2496,3034
3626,0.2496,3035
90,0.2495,3036
5214,0.2494,3037
1982,0.2494,3038
3959,0.2494,3039
2737,0.2494,3040
4386,0.2492,3041
2649,0.2492,3042
3761,0.2492,3043
4106,0.2492,3044
1967,0.2490,3045
2070,0.2490,3046
4216,0.2490,3047
3460,0.2490,3048
2069,0.2490,3049
2105,0.2489,3050
3180,0.2488,3051
3039,0.2485,3052
4946,0.2484,3053
287,0.2483,3054
660,0.2482,3055
1378,0.2480,3056
5261,0.2480,3057
1728,0.2479,3058
2139,0.2478,3059
856,0.2476,3060
3551,0.2476,3061
82,0.2474,3062
4472,0.2473,3063
4604,0.2473,3064
4179,0.2471,3065
3245,0.2470,3066
631,0.2470,3067
2418,0.2470,3068
4655,0.2470,3069
5030,0.2469,3070
4765,0.2469,3071
4167,0.2469,3072
200,0.2469,3073
3205,0.2468,3074
2166,0.2466,3075
4552,0.2465,3076
1315,0.2463,3077
1040,0.2463,3078
4433,0.2463,3079
4135,0.2463,3080
3561,0.2463,3081
2323,0.2462,3082
4674,0.2462,3083
2269,0.2462,3084
1059,0.2461,3085
3908,0.2459,3086
3376,0.2458,3087
2440,0.2455,3088
5283,0.2455,3089
3810,0.2454,3090
4738,0.2453,3091
4829,0.2453,3092
4838,0.2452,3093
4613,0.2452,3094
2354,0.2451,3095
1276,0.2451,3096
1699,0.2451,3097
1270,0.2451,3098
3702,0.2450,3099
48,0.2449,3100
1813,0.2447,3101
4375,0.2446,3102
4603,0.2446,3103
3805,0.2446,3104
3063,0.2446,3105
4013,0.2446,3106
95,0.2446,3107
5337,0.2445,3108
5081,0.2445,3109
3488,0.2444,3110
778,0.2444,3111
4879,0.2443,3112
3010,0.2443,3113
5129,0.2442,3114
1706,0.2441,3115
5242,0.2441,3116
4663,0.2441,3117
1723,0.2440,3118
4678,0.2439,3119
1412,0.2438,3120
1491,0.2437,3121
2,0.2437,3122
893,0.2433,3123
4150,0.2432,3124
3634,0.2432,3125
4453,0.2431,3126
556,0.2431,3127
4869,0.2431,3128
2853,0.2430,3129
2870,0.2430,3130
1164,0.2430,3131
4617,0.2429,3132
1686,0.2428,3133
4637,0.2428,3134
2022,0.2428,3135
3845,0.2426,3136
2586,0.2426,3137
388,0.2425,3138
609,0.2425,3139
4323,0.2425,3140
968,0.2423,3141
3178,0.2422,3142
4439,0.2422,3143
2541,0.2421,3144
2344,0.2421,3145
3417,0.2421,3146
3076,0.2420,3147
4860,0.2420,3148
366,0.2420,3149
4068,0.2420,3150
2274,0.2417,3151
3980,0.2417,3152
4088,0.2417,3153
4900,0.2416,3154
1969,0.2414,3155
350,0.2413,3156
827,0.2413,3157
5224,0.2412,3158
4622,0.2412,3159
1449,0.2412,3160
3298,0.2412,3161
5104,0.2411,3162
3976,0.2410,3163
4926,0.2410,3164
2825,0.2409,3165
3170,0.2408,3166
4178,0.2407,3167
5183,0.2406,3168
3594,0.2406,3169
971,0.2406,3170
2306,0.2405,3171
3420,0.2405,3172
782,0.2405,3173
2605,0.2405,3174
2535,0.2405,3175
3708,0.2403,3176
5167,0.2400,3177
2495,0.2399,3178
1980,0.2399,3179
1167,0.2398,3180
230,0.2398,3181
4248,0.2397,3182
4802,0.2397,3183
3972,0.2396,3184
4553,0.2396,3185
4537,0.2395,3186
5200,0.2393,3187
4672,0.2392,3188
750,0.2391,3189
2558,0.2391,3190
5014,0.2391,3191
4921,0.2389,3192
193,0.2388,3193
4975,0.2387,3194
2002,0.2386,3195
5237,0.2385,3196
2096,0.2385,3197
4274,0.2384,3198
3553,0.2384,3199
1837,0.2383,3200
2680,0.2383,3201
4749,0.2383,3202
1341,0.2382,3203
5079,0.2381,3204
3564,0.2381,3205
2170,0.2381,3206
2804,0.2381,3207
2277,0.2380,3208
39,0.2379,3209
2650,0.2379,3210
526,0.2378,3211
4123,0.2376,3212
870,0.2372,3213
1809,0.2371,3214
1077,0.2371,3215
2337,0.2371,3216
4665,0.2370,3217
4727,0.2370,3218
5377,0.2368,3219
1636,0.2367,3220
3279,0.2366,3221
3712,0.2366,3222
4138,0.2365,3223
4687,0.2364,3224
345,0.2364,3225
1176,0.2362,3226
4773,0.2362,3227
4918,0.2362,3228
5412,0.2361,3229
1238,0.2361,3230
4196,0.2361,3231
4038,0.2360,3232
4849,0.2359,3233
4629,0.2358,3234
3135,0.2357,3235
2988,0.2356,3236
2506,0.2356,3237
70,0.2356,3238
2234,0.2356,3239
1934,0.2356,3240
5396,0.2355,3241
3767,0.2355,3242
4284,0.2354,3243
5095,0.2354,3244
2812,0.2353,3245
1288,0.2353,3246
4002,0.2352,3247
1598,0.2352,3248
3505,0.2351,3249
4445,0.2351,3250
3557,0.2350,3251
4855,0.2350,3252
358,0.2349,3253
3986,0.2348,3254
5036,0.2348,3255
1538,0.2348,3256
3745,0.2347,3257
3423,0.2345,3258
883,0.2345,3259
4438,0.2344,3260
2644,0.2344,3261
1593,0.2343,3262
2299,0.2343,3263
3920,0.2341,3264
1222,0.2341,3265
348,0.2341,3266
1852,0.2338,3267
540,0.2338,3268
2150,0.2337,3269
3054,0.2336,3270
4246,0.2335,3271
1183,0.2335,3272
1293,0.2335,3273
2731,0.2333,3274
3820,0.2333,3275
4586,0.2331,3276
1625,0.2331,3277
3937,0.2331,3278
1245,0.2329,3279
980,0.2328,3280
4474,0.2326,3281
2985,0.2326,3282
2915,0.2325,3283
935,0.2324,3284
1416,0.2324,3285
2589,0.2324,3286
249,0.2322,3287
3719,0.2321,3288
1615,0.2321,3289
2584,0.2319,3290
32,0.2319,3291
1386,0.2318,3292
3898,0.2318,3293
4347,0.2318,3294
1993,0.2317,3295
5394,0.2316,3296
4327,0.2316,3297
2276,0.2315,3298
4612,0.2315,3299
3490,0.2314,3300
3385,0.2313,3301
1089,0.2312,3302
4544,0.2312,3303
2800,0.2312,3304
4337,0.2310,3305
3633,0.2310,3306
46,0.2310,3307
562,0.2309,3308
3763,0.2308,3309
1729,0.2307,3310
5234,0.2307,3311
4049,0.2307,3312
4363,0.2306,3313
1713,0.2306,3314
4753,0.2306,3315
5022,0.2305,3316
291,0.2305,3317
4377,0.2304,3318
3462,0.2304,3319
1961,0.2304,3320
2042,0.2304,3321
908,0.2303,3322
2669,0.2302,3323
1974,0.2302,3324
4743,0.2302,3325
3388,0.2301,3326
3525,0.2301,3327
1188,0.2300,3328
2607,0.2300,3329
4258,0.2300,3330
1457,0.2299,3331
4334,0.2297,3332
1307,0.2297,3333
1017,0.2297,3334
1890,0.2296,3335
1301,0.2296,3336
1516,0.2294,3337
1467,0.2294,3338
658,0.2294,3339
1156,0.2293,3340
5316,0.2291,3341
4697,0.2290,3342
743,0.2289,3343
685,0.2288,3344
4481,0.2285,3345
1558,0.2284,3346
1939,0.2284,3347
1960,0.2282,3348
2860,0.2281,3349
128,0.2281,3350
3296,0.2280,3351
1977,0.2279,3352
2955,0.2278,3353
3275,0.2278,3354
2375,0.2277,3355
1847,0.2276,3356
5138,0.2276,3357
3844,0.2273,3358
260,0.2273,3359
3830,0.2273,3360
1988,0.2272,3361
4776,0.2271,3362
3148,0.2269,3363
5157,0.2269,3364
1258,0.2268,3365
1620,0.2268,3366
3211,0.2268,3367
5293,0.2268,3368
1110,0.2267,3369
5000,0.2267,3370
1275,0.2266,3371
5062,0.2266,3372
2044,0.2266,3373
2146,0.2265,3374
5074,0.2264,3375
3649,0.2263,3376
5076,0.2262,3377
1034,0.2261,3378
1135,0.2259,3379
1844,0.2259,3380
1367,0.2257,3381
3442,0.2257,3382
975,0.2256,3383
385,0.2255,3384
2527,0.2255,3385
4652,0.2254,3386
174,0.2254,3387
4643,0.2253,3388
2668,0.2252,3389
4822,0.2252,3390
5017,0.2252,3391
80,0.2251,3392
2207,0.2250,3393
1244,0.2250,3394
1917,0.2250,3395
2103,0.2249,3396
896,0.2247,3397
3392,0.2247,3398
1541,0.2245,3399
2684,0.2245,3400
2093,0.2244,3401
5395,0.2244,3402
343,0.2244,3403
2439,0.2243,3404
1510,0.2242,3405
3113,0.2241,3406
3604,0.2241,3407
186,0.2240,3408
154,0.2240,3409
2777,0.2239,3410
4991,0.2238,3411
2196,0.2237,3412
3106,0.2236,3413
1256,0.2236,3414
4272,0.2236,3415
4048,0.2235,3416
2225,0.2235,3417
645,0.2234,3418
2453,0.2233,3419
4485,0.2232,3420
4266,0.2232,3421
873,0.2232,3422
4162,0.2231,3423
324,0.2230,3424
5034,0.2230,3425
5235,0.2230,3426
3999,0.2229,3427
3108,0.2228,3428
1190,0.2228,3429
341,0.2228,3430
4281,0.2227,3431
922,0.2227,3432
3643,0.2227,3433
3727,0.2226,3434
3181,0.2225,3435
5277,0.2225,3436
673,0.2224,3437
3668,0.2224,3438
4291,0.2224,3439
3537,0.2223,3440
1351,0.2223,3441
3992,0.2222,3442
2390,0.2222,3443
5270,0.2222,3444
395,0.2222,3445
4990,0.2221,3446
3675,0.2221,3447
539,0.2220,3448
213,0.2219,3449
1437,0.2218,3450
1853,0.2218,3451
2480,0.2217,3452
2270,0.2216,3453
1108,0.2216,3454
311,0.2214,3455
2397,0.2213,3456
1227,0.2212,3457
2156,0.2212,3458
3518,0.2212,3459
846,0.2211,3460
4530,0.2211,3461
1364,0.2210,3462
5035,0.2210,3463
1197,0.2208,3464
1806,0.2208,3465
735,0.2207,3466
1246,0.2206,3467
3083,0.2206,3468
1703,0.2206,3469
4115,0.2206,3470
36,0.2204,3471
4944,0.2203,3472
4483,0.2203,3473
2743,0.2202,3474
1076,0.2201,3475
4497,0.2200,3476
5215,0.2200,3477
1426,0.2200,3478
5258,0.2200,3479
13,0.2199,3480
3030,0.2198,3481
303,0.2198,3482
1832,0.2197,3483
3654,0.2197,3484
2006,0.2196,3485
5331,0.2196,3486
607,0.2195,3487
3565,0.2194,3488
4033,0.2194,3489
3562,0.2194,3490
3970,0.2193,3491
4297,0.2192,3492
1277,0.2190,3493
1517,0.2188,3494
2289,0.2188,3495
4789,0.2188,3496
2084,0.2188,3497
4887,0.2187,3498
2546,0.2187,3499
3782,0.2186,3500
4069,0.2186,3501
410,0.2185,3502
2598,0.2185,3503
709,0.2184,3504
2035,0.2184,3505
4673,0.2183,3506
1906,0.2182,3507
907,0.2182,3508
886,0.2182,3509
3772,0.2182,3510
129,0.2182,3511
3729,0.2180,3512
1994,0.2180,3513
5407,0.2180,3514
172,0.2180,3515
5116,0.2180,3516
1121,0.2179,3517
3837,0.2178,3518
1104,0.2178,3519
4398,0.2177,3520
932,0.2177,3521
525,0.2176,3522
508,0.2176,3523
3832,0.2175,3524
1045,0.2175,3525
1291,0.2174,3526
1675,0.2172,3527
1047,0.2172,3528
1759,0.2172,3529
1650,0.2170,3530
4252,0.2169,3531
1747,0.2168,3532
3952,0.2167,3533
3786,0.2167,3534
5289,0.2166,3535
3455,0.2166,3536
3082,0.2165,3537
1881,0.2165,3538
716,0.2165,3539
4227,0.2165,3540
4847,0.2163,3541
582,0.2163,3542
327,0.2162,3543
5088,0.2161,3544
1866,0.2161,3545
4126,0.2161,3546
700,0.2160,3547
4846,0.2160,3548
3374,0.2159,3549
4976,0.2159,3550
2716,0.2159,3551
4699,0.2159,3552
4473,0.2159,3553
2114,0.2158,3554
2209,0.2158,3555
3801,0.2157,3556
4200,0.2157,3557
4893,0.2157,3558
1553,0.2157,3559
1452,0.2156,3560
1560,0.2155,3561
3842,0.2155,3562
1102,0.2154,3563
5133,0.2154,3564
5002,0.2153,3565
4685,0.2153,3566
4487,0.2152,3567
3642,0.2151,3568
4539,0.2151,3569
2685,0.2150,3570
663,0.2149,3571
1741,0.2148,3572
855,0.2148,3573
1339,0.2147,3574
2312,0.2146,3575
463,0.2146,3576
373,0.2146,3577
1957,0.2142,3578
2078,0.2142,3579
997,0.2142,3580
1032,0.2139,3581
3890,0.2138,3582
2364,0.2138,3583
725,0.2137,3584
3669,0.2136,3585
2415,0.2135,3586
1985,0.2135,3587
4164,0.2134,3588
801,0.2134,3589
2198,0.2133,3590
2199,0.2131,3591
882,0.2130,3592
1870,0.2130,3593
3044,0.2130,3594
3323,0.2128,3595
2828,0.2128,3596
4681,0.2127,3597
2839,0.2127,3598
1300,0.2127,3599
1575,0.2126,3600
1688,0.2126,3601
1804,0.2126,3602
1835,0.2125,3603
5229,0.2125,3604
4479,0.2124,3605
729,0.2124,3606
436,0.2123,3607
4441,0.2123,3608
3671,0.2123,3609
942,0.2123,3610
1602,0.2122,3611
3940,0.2121,3612
3768,0.2121,3613
5253,0.2120,3614
5009,0.2119,3615
1407,0.2119,3616
5398,0.2118,3617
3484,0.2118,3618
4778,0.2116,3619
1046,0.2115,3620
3142,0.2115,3621
2046,0.2115,3622
1943,0.2114,3623
2410,0.2114,3624
4338,0.2113,3625
1272,0.2109,3626
2187,0.2109,3627
3599,0.2109,3628
1662,0.2108,3629
3095,0.2108,3630
3854,0.2107,3631
3114,0.2106,3632
877,0.2106,3633
517,0.2106,3634
3059,0.2105,3635
1181,0.2105,3636
2759,0.2105,3637
2226,0.2104,3638
2662,0.2102,3639
5199,0.2102,3640
4795,0.2102,3641
2696,0.2100,3642
41,0.2100,3643
4279,0.2099,3644
1755,0.2099,3645
448,0.2098,3646
4104,0.2098,3647
4988,0.2097,3648
4784,0.2097,3649
3538,0.2096,3650
3798,0.2096,3651
4020,0.2096,3652
492,0.2095,3653
1480,0.2095,3654
576,0.2093,3655
863,0.2092,3656
2275,0.2090,3657
1999,0.2090,3658
4499,0.2090,3659
5152,0.2089,3660
664,0.2088,3661
2239,0.2087,3662
4000,0.2087,3663
4873,0.2087,3664
3322,0.2087,3665
5360,0.2082,3666
1133,0.2082,3667
1815,0.2082,3668
3197,0.2081,3669
4814,0.2081,3670
1406,0.2080,3671
1800,0.2080,3672
832,0.2079,3673
504,0.2078,3674
3195,0.2078,3675
1052,0.2077,3676
2540,0.2076,3677
4296,0.2075,3678
4317,0.2073,3679
1148,0.2071,3680
2023,0.2071,3681
2992,0.2070,3682
764,0.2069,3683
723,0.2068,3684
2383,0.2068,3685
733,0.2068,3686
4573,0.2066,3687
2080,0.2065,3688
565,0.2064,3689
1140,0.2063,3690
284,0.2063,3691
3218,0.2062,3692
1262,0.2062,3693
563,0.2062,3694
2107,0.2062,3695
1731,0.2061,3696
2217,0.2057,3697
1030,0.2057,3698
1587,0.2057,3699
159,0.2056,3700
5,0.2054,3701
298,0.2054,3702
963,0.2053,3703
1444,0.2053,3704
1524,0.2053,3705
2859,0.2053,3706
5245,0.2052,3707
1606,0.2051,3708
100,0.2051,3709
3929,0.2051,3710
3235,0.2051,3711
3019,0.2051,3712
3046,0.2048,3713
4850,0.2047,3714
2675,0.2045,3715
1065,0.2045,3716
3556,0.2045,3717
408,0.2044,3718
2747,0.2043,3719
688,0.2042,3720
4324,0.2042,3721
3371,0.2042,3722
2896,0.2042,3723
2229,0.2042,3724
1101,0.2041,3725
2055,0.2040,3726
2861,0.2039,3727
1808,0.2038,3728
5029,0.2038,3729
4947,0.2038,3730
4917,0.2037,3731
3064,0.2036,3732
3670,0.2036,3733
45,0.2036,3734
5327,0.2035,3735
3574,0.2035,3736
3645,0.2035,3737
2847,0.2035,3738
5246,0.2034,3739
2261,0.2034,3740
4967,0.2033,3741
2254,0.2031,3742
635,0.2031,3743
2710,0.2028,3744
1078,0.2028,3745
4701,0.2028,3746
595,0.2027,3747
1234,0.2027,3748
5185,0.2025,3749
5077,0.2024,3750
1235,0.2024,3751
5233,0.2023,3752
2921,0.2022,3753
1223,0.2021,3754
1010,0.2021,3755
763,0.2020,3756
449,0.2018,3757
3103,0.2018,3758
818,0.2017,3759
3028,0.2017,3760
4199,0.2016,3761
103,0.2016,3762
4536,0.2015,3763
879,0.2015,3764
794,0.2014,3765
386,0.2013,3766
2677,0.2011,3767
3516,0.2008,3768
2242,0.2006,3769
1912,0.2006,3770
1816,0.2006,3771
4289,0.2005,3772
3583,0.2005,3773
4147,0.2004,3774
2888,0.2004,3775
5307,0.2003,3776
2522,0.2003,3777
3353,0.2001,3778
695,0.2001,3779
3808,0.1998,3780
714,0.1998,3781
2284,0.1997,3782
381,0.1995,3783
630,0.1995,3784
5031,0.1994,3785
2751,0.1993,3786
692,0.1993,3787
306,0.1993,3788
1691,0.1993,3789
3904,0.1992,3790
1935,0.1992,3791
4712,0.1991,3792
2417,0.1991,3793
1978,0.1991,3794
5213,0.1991,3795
3744,0.1989,3796
2958,0.1989,3797
948,0.1989,3798
4630,0.1989,3799
3982,0.1989,3800
705,0.1988,3801
1726,0.1988,3802
4627,0.1988,3803
361,0.1987,3804
3747,0.1987,3805
3130,0.1987,3806
332,0.1987,3807
4759,0.1987,3808
912,0.1986,3809
2723,0.1984,3810
3692,0.1984,3811
2251,0.1983,3812
4344,0.1983,3813
1685,0.1980,3814
707,0.1979,3815
1286,0.1979,3816
4442,0.1978,3817
3472,0.1977,3818
1966,0.1977,3819
4294,0.1975,3820
4407,0.1975,3821
3694,0.1974,3822
2309,0.1974,3823
3977,0.1974,3824
1134,0.1973,3825
1869,0.1972,3826
167,0.1971,3827
3262,0.1970,3828
329,0.1969,3829
3524,0.1968,3830
4155,0.1968,3831
687,0.1966,3832
1375,0.1966,3833
887,0.1965,3834
3002,0.1964,3835
1171,0.1964,3836
2485,0.1964,3837
629,0.1963,3838
792,0.1963,3839
2818,0.1962,3840
4961,0.1962,3841
3813,0.1961,3842
3945,0.1960,3843
4757,0.1960,3844
5087,0.1960,3845
3705,0.1960,3846
4517,0.1959,3847
4367,0.1959,3848
5082,0.1959,3849
2703,0.1958,3850
4706,0.1958,3851
5068,0.1958,3852
869,0.1957,3853
1435,0.1956,3854
1096,0.1956,3855
403,0.1956,3856
3379,0.1956,3857
1738,0.1955,3858
317,0.1955,3859
3356,0.1955,3860
4427,0.1953,3861
5304,0.1952,3862
2655,0.1952,3863
3800,0.1952,3864
2039,0.1951,3865
4808,0.1951,3866
3751,0.1951,3867
4212,0.1951,3868
3863,0.1950,3869
4686,0.1949,3870
1902,0.1948,3871
2121,0.1947,3872
1087,0.1947,3873
1797,0.1947,3874
1812,0.1946,3875
946,0.1945,3876
1545,0.1945,3877
4836,0.1945,3878
4671,0.1944,3879
4464,0.1944,3880
3071,0.1943,3881
5323,0.1943,3882
799,0.1942,3883
3601,0.1941,3884
2979,0.1941,3885
5220,0.1940,3886
2987,0.1939,3887
5052,0.1939,3888
4417,0.1939,3889
2363,0.1939,3890
5180,0.1938,3891
5018,0.1938,3892
4365,0.1938,3893
1044,0.1937,3894
768,0.1935,3895
2864,0.1935,3896
158,0.1935,3897
894,0.1934,3898
5373,0.1934,3899
3112,0.1934,3900
3531,0.1933,3901
1063,0.1932,3902
2739,0.1931,3903
3248,0.1929,3904
2683,0.1929,3905
5084,0.1928,3906
3009,0.1927,3907
1624,0.1925,3908
3398,0.1924,3909
2365,0.1924,3910
3655,0.1923,3911
1791,0.1923,3912
1141,0.1923,3913
1705,0.1923,3914
4330,0.1922,3915
4540,0.1922,3916
1833,0.1922,3917
2001,0.1920,3918
2700,0.1919,3919
3724,0.1919,3920
674,0.1919,3921
2205,0.1918,3922
3209,0.1917,3923
3219,0.1917,3924
279,0.1916,3925
5089,0.1916,3926
1132,0.1915,3927
1697,0.1914,3928
5202,0.1914,3929
1543,0.1913,3930
1218,0.1912,3931
5219,0.1910,3932
4777,0.1910,3933
4514,0.1909,3934
293,0.1909,3935
5318,0.1909,3936
3519,0.1907,3937
1698,0.1907,3938
843,0.1905,3939
4628,0.1905,3940
1950,0.1905,3941
2993,0.1904,3942
1216,0.1902,3943
1770,0.1901,3944
1671,0.1900,3945
1665,0.1900,3946
3680,0.1898,3947
747,0.1898,3948
3903,0.1898,3949
1544,0.1897,3950
2614,0.1896,3951
5168,0.1894,3952
1035,0.1894,3953
4015,0.1894,3954
992,0.1894,3955
4095,0.1893,3956
3969,0.1893,3957
3834,0.1893,3958
3606,0.1893,3959
4591,0.1892,3960
1285,0.1892,3961
4201,0.1891,3962
5268,0.1890,3963
4576,0.1890,3964
2886,0.1889,3965
511,0.1887,3966
3496,0.1886,3967
4192,0.1885,3968
5027,0.1885,3969
497,0.1884,3970
2451,0.1884,3971
2656,0.1882,3972
3781,0.1881,3973
55,0.1881,3974
2026,0.1881,3975
1700,0.1877,3976
4531,0.1876,3977
2850,0.1875,3978
999,0.1874,3979
4985,0.1874,3980
3698,0.1872,3981
3107,0.1871,3982
1862,0.1870,3983
5120,0.1870,3984
2975,0.1869,3985
1879,0.1869,3986
3807,0.1869,3987
4040,0.1868,3988
5256,0.1868,3989
4925,0.1868,3990
4056,0.1867,3991
1678,0.1866,3992
4494,0.1863,3993
4267,0.1862,3994
2959,0.1862,3995
2676,0.1861,3996
4073,0.1860,3997
4997,0.1859,3998
3883,0.1858,3999
226,0.1858,4000
654,0.1858,4001
3947,0.1857,4002
4328,0.1857,4003
4247,0.1857,4004
2049,0.1857,4005
2717,0.1856,4006
5072,0.1853,4007
1250,0.1853,4008
481,0.1852,4009
2740,0.1851,4010
5158,0.1850,4011
3811,0.1850,4012
3874,0.1849,4013
4293,0.1849,4014
1863,0.1847,4015
3478,0.1847,4016
3017,0.1846,4017
33,0.1846,4018
2352,0.1845,4019
4054,0.1845,4020
3471,0.1844,4021
1240,0.1844,4022
3657,0.1842,4023
4717,0.1842,4024
4268,0.1841,4025
2765,0.1840,4026
2279,0.1839,4027
1814,0.1839,4028
3964,0.1839,4029
1976,0.1838,4030
4429,0.1838,4031
1525,0.1836,4032
1345,0.1835,4033
3714,0.1834,4034
4945,0.1833,4035
3545,0.1833,4036
5328,0.1833,4037
397,0.1832,4038
1651,0.1830,4039
4634,0.1830,4040
559,0.1828,4041
776,0.1828,4042
464,0.1828,4043
26,0.1827,4044
2273,0.1827,4045
3685,0.1826,4046
3312,0.1826,4047
438,0.1825,4048
1408,0.1824,4049
3303,0.1824,4050
4889,0.1823,4051
749,0.1822,4052
1361,0.1821,4053
2377,0.1821,4054
4403,0.1820,4055
439,0.1818,4056
289,0.1818,4057
3258,0.1817,4058
752,0.1817,4059
2687,0.1815,4060
1170,0.1815,4061
1114,0.1814,4062
3166,0.1814,4063
1033,0.1814,4064
4886,0.1813,4065
1459,0.1812,4066
1215,0.1811,4067
1757,0.1811,4068
5013,0.1811,4069
2774,0.1811,4070
3411,0.1810,4071
1955,0.1809,4072
5112,0.1809,4073
2900,0.1809,4074
2021,0.1808,4075
2679,0.1808,4076
3611,0.1807,4077
1953,0.1807,4078
3951,0.1807,4079
557,0.1807,4080
3573,0.1806,4081
1194,0.1806,4082
656,0.1806,4083
3243,0.1806,4084
3310,0.1805,4085
4282,0.1804,4086
5404,0.1804,4087
4009,0.1803,4088
2474,0.1801,4089
4936,0.1801,4090
4108,0.1800,4091
1001,0.1800,4092
4406,0.1799,4093
936,0.1799,4094
2733,0.1799,4095
5005,0.1799,4096
208,0.1799,4097
374,0.1798,4098
2130,0.1798,4099
292,0.1798,4100
5110,0.1798,4101
1000,0.1797,4102
4996,0.1797,4103
1573,0.1797,4104
523,0.1797,4105
612,0.1796,4106
3520,0.1795,4107
3047,0.1795,4108
4412,0.1795,4109
152,0.1794,4110
3667,0.1793,4111
3836,0.1793,4112
548,0.1792,4113
1752,0.1790,4114
1841,0.1789,4115
3673,0.1788,4116
4971,0.1788,4117
1231,0.1787,4118
4953,0.1787,4119
276,0.1786,4120
5287,0.1786,4121
4165,0.1786,4122
146,0.1785,4123
949,0.1785,4124
694,0.1783,4125
4454,0.1783,4126
3962,0.1782,4127
1799,0.1782,4128
1721,0.1782,4129
4980,0.1781,4130
3141,0.1780,4131
5131,0.1780,4132
3796,0.1779,4133
5070,0.1779,4134
4119,0.1778,4135
2064,0.1778,4136
2820,0.1778,4137
1271,0.1777,4138
5354,0.1777,4139
754,0.1776,4140
3716,0.1775,4141
2020,0.1775,4142
1599,0.1774,4143
3984,0.1774,4144
1400,0.1774,4145
1964,0.1773,4146
4322,0.1772,4147
3432,0.1772,4148
4388,0.1771,4149
4463,0.1769,4150
4608,0.1769,4151
4127,0.1768,4152
3835,0.1768,4153
1695,0.1768,4154
2592,0.1767,4155
1357,0.1767,4156
1795,0.1767,4157
3591,0.1767,4158
1309,0.1766,4159
4486,0.1766,4160
2227,0.1765,4161
3050,0.1765,4162
3567,0.1765,4163
3393,0.1765,4164
3743,0.1765,4165
3629,0.1764,4166
3916,0.1763,4167
2322,0.1763,4168
450,0.1763,4169
3352,0.1761,4170
1393,0.1760,4171
4140,0.1760,4172
1423,0.1760,4173
527,0.1760,4174
2725,0.1759,4175
751,0.1759,4176
465,0.1758,4177
3467,0.1758,4178
5314,0.1758,4179
2908,0.1758,4180
4598,0.1756,4181
5211,0.1755,4182
1321,0.1755,4183
23,0.1754,4184
2260,0.1753,4185
5252,0.1753,4186
633,0.1752,4187
814,0.1752,4188
4191,0.1751,4189
1530,0.1750,4190
4237,0.1748,4191
4682,0.1748,4192
3930,0.1748,4193
2990,0.1748,4194
1115,0.1748,4195
1388,0.1747,4196
3342,0.1746,4197
4989,0.1746,4198
5406,0.1746,4199
967,0.1745,4200
5135,0.1743,4201
3600,0.1742,4202
4271,0.1740,4203
4968,0.1740,4204
2293,0.1740,4205
1521,0.1740,4206
2230,0.1740,4207
4619,0.1739,4208
5028,0.1738,4209
4250,0.1737,4210
636,0.1737,4211
984,0.1737,4212
1354,0.1735,4213
3244,0.1732,4214
1701,0.1732,4215
1002,0.1731,4216
312,0.1730,4217
3542,0.1728,4218
1608,0.1727,4219
737,0.1727,4220
961,0.1727,4221
4919,0.1727,4222
4834,0.1726,4223
648,0.1726,4224
242,0.1726,4225
4680,0.1726,4226
281,0.1726,4227
1704,0.1725,4228
4404,0.1725,4229
419,0.1724,4230
3080,0.1722,4231
1657,0.1721,4232
1819,0.1720,4233
2157,0.1719,4234
3144,0.1719,4235
4395,0.1719,4236
1334,0.1718,4237
3814,0.1717,4238
1756,0.1717,4239
4044,0.1717,4240
241,0.1716,4241
4647,0.1716,4242
3855,0.1716,4243
3871,0.1715,4244
1328,0.1714,4245
3074,0.1714,4246
4218,0.1713,4247
2028,0.1712,4248
3660,0.1712,4249
5348,0.1712,4250
4233,0.1711,4251
5367,0.1710,4252
5103,0.1710,4253
1577,0.1708,4254
1867,0.1708,4255
3684,0.1707,4256
5071,0.1706,4257
712,0.1704,4258
1682,0.1703,4259
4450,0.1703,4260
1836,0.1701,4261
3961,0.1701,4262
5039,0.1699,4263
4149,0.1699,4264
5078,0.1696,4265
3088,0.1696,4266
3012,0.1695,4267
4571,0.1695,4268
810,0.1695,4269
1717,0.1694,4270
5286,0.1693,4271
3158,0.1693,4272
2956,0.1692,4273
1202,0.1692,4274
4752,0.1690,4275
1732,0.1686,4276
2027,0.1686,4277
957,0.1685,4278
1337,0.1685,4279
1360,0.1685,4280
3271,0.1684,4281
536,0.1684,4282
3614,0.1683,4283
3340,0.1682,4284
2682,0.1682,4285
4888,0.1682,4286
3480,0.1681,4287
603,0.1681,4288
1496,0.1680,4289
307,0.1680,4290
4506,0.1679,4291
3024,0.1679,4292
3569,0.1678,4293
3241,0.1677,4294
1973,0.1677,4295
2257,0.1676,4296
1826,0.1676,4297
3377,0.1676,4298
2076,0.1676,4299
4952,0.1675,4300
862,0.1674,4301
134,0.1673,4302
21,0.1673,4303
4791,0.1672,4304
3477,0.1672,4305
1793,0.1671,4306
964,0.1670,4307
2479,0.1670,4308
3944,0.1669,4309
413,0.1669,4310
1074,0.1665,4311
5308,0.1664,4312
2545,0.1664,4313
4607,0.1664,4314
4348,0.1664,4315
1376,0.1664,4316
1528,0.1663,4317
1316,0.1660,4318
1996,0.1660,4319
3229,0.1658,4320
1415,0.1657,4321
5347,0.1657,4322
1163,0.1657,4323
1403,0.1656,4324
1022,0.1655,4325
1886,0.1655,4326
3127,0.1655,4327
1207,0.1654,4328
72,0.1653,4329
4683,0.1652,4330
1810,0.1650,4331
79,0.1650,4332
3802,0.1648,4333
1623,0.1646,4334
1233,0.1646,4335
3870,0.1646,4336
1479,0.1643,4337
1420,0.1642,4338
5222,0.1642,4339
2249,0.1642,4340
3589,0.1641,4341
5061,0.1640,4342
4532,0.1639,4343
5176,0.1639,4344
301,0.1638,4345
1762,0.1637,4346
5090,0.1637,4347
1788,0.1637,4348
550,0.1636,4349
1021,0.1635,4350
4194,0.1634,4351
2654,0.1634,4352
86,0.1634,4353
577,0.1633,4354
2613,0.1632,4355
1440,0.1629,4356
4871,0.1629,4357
4812,0.1628,4358
4963,0.1627,4359
3206,0.1626,4360
2926,0.1625,4361
4180,0.1620,4362
3981,0.1620,4363
4653,0.1618,4364
1792,0.1617,4365
680,0.1617,4366
568,0.1617,4367
991,0.1616,4368
1676,0.1615,4369
1458,0.1614,4370
3011,0.1614,4371
783,0.1613,4372
5189,0.1613,4373
1404,0.1613,4374
4181,0.1611,4375
5171,0.1610,4376
4709,0.1610,4377
1018,0.1610,4378
446,0.1609,4379
3750,0.1609,4380
4885,0.1607,4381
1567,0.1606,4382
4692,0.1606,4383
2445,0.1605,4384
4086,0.1605,4385
722,0.1605,4386
1349,0.1605,4387
1880,0.1604,4388
3847,0.1604,4389
2580,0.1603,4390
4633,0.1601,4391
4350,0.1601,4392
389,0.1600,4393
2763,0.1599,4394
452,0.1598,4395
5184,0.1596,4396
3216,0.1595,4397
1481,0.1595,4398
5340,0.1593,4399
4572,0.1591,4400
1811,0.1591,4401
2805,0.1590,4402
4058,0.1589,4403
5179,0.1589,4404
4133,0.1588,4405
1679,0.1587,4406
2783,0.1587,4407
719,0.1587,4408
5146,0.1586,4409
3256,0.1585,4410
606,0.1584,4411
3297,0.1583,4412
2705,0.1582,4413
1025,0.1579,4414
3913,0.1579,4415
1306,0.1579,4416
2670,0.1578,4417
923,0.1578,4418
1373,0.1578,4419
206,0.1577,4420
1292,0.1576,4421
3463,0.1575,4422
1507,0.1575,4423
4744,0.1574,4424
1431,0.1573,4425
659,0.1573,4426
3153,0.1573,4427
1331,0.1571,4428
1476,0.1568,4429
1461,0.1567,4430
4047,0.1567,4431
4087,0.1567,4432
1308,0.1566,4433
5136,0.1566,4434
713,0.1566,4435
5299,0.1565,4436
231,0.1563,4437
3852,0.1562,4438
5102,0.1562,4439
4014,0.1562,4440
3612,0.1562,4441
662,0.1562,4442
5140,0.1561,4443
357,0.1560,4444
4205,0.1559,4445
3390,0.1558,4446
3755,0.1557,4447
1048,0.1557,4448
727,0.1555,4449
1028,0.1555,4450
1548,0.1554,4451
3498,0.1554,4452
4456,0.1554,4453
5379,0.1552,4454
4490,0.1552,4455
2874,0.1552,4456
653,0.1551,4457
4052,0.1551,4458
3026,0.1549,4459
1106,0.1546,4460
267,0.1545,4461
4635,0.1544,4462
4477,0.1544,4463
2334,0.1542,4464
4796,0.1541,4465
212,0.1541,4466
4197,0.1541,4467
1123,0.1539,4468
1483,0.1539,4469
143,0.1538,4470
3238,0.1537,4471
3062,0.1537,4472
3613,0.1535,4473
3635,0.1534,4474
684,0.1533,4475
1257,0.1532,4476
546,0.1531,4477
4306,0.1531,4478
2745,0.1531,4479
1237,0.1530,4480
2450,0.1530,4481
490,0.1529,4482
5038,0.1529,4483
178,0.1529,4484
3841,0.1529,4485
3084,0.1528,4486
431,0.1527,4487
3274,0.1526,4488
2340,0.1526,4489
5004,0.1525,4490
3394,0.1525,4491
2132,0.1524,4492
829,0.1524,4493
4941,0.1519,4494
93,0.1518,4495
4797,0.1515,4496
761,0.1514,4497
3831,0.1514,4498
3721,0.1513,4499
914,0.1512,4500
1621,0.1512,4501
2599,0.1511,4502
455,0.1510,4503
1975,0.1510,4504
2098,0.1509,4505
816,0.1509,4506
1905,0.1508,4507
4416,0.1508,4508
3191,0.1506,4509
1080,0.1505,4510
651,0.1505,4511
3184,0.1504,4512
2736,0.1502,4513
895,0.1502,4514
3294,0.1502,4515
4137,0.1499,4516
4010,0.1499,4517
2798,0.1498,4518
1336,0.1498,4519
88,0.1496,4520
3953,0.1496,4521
5221,0.1496,4522
2764,0.1496,4523
4972,0.1494,4524
2422,0.1493,4525
1555,0.1492,4526
2971,0.1492,4527
1696,0.1489,4528
1266,0.1487,4529
1200,0.1485,4530
1536,0.1484,4531
3489,0.1483,4532
331,0.1480,4533
3687,0.1479,4534
585,0.1479,4535
2155,0.1479,4536
4343,0.1479,4537
1947,0.1479,4538
1986,0.1478,4539
495,0.1478,4540
5175,0.1477,4541
2380,0.1477,4542
108,0.1476,4543
4804,0.1475,4544
4507,0.1475,4545
4731,0.1474,4546
1124,0.1474,4547
4146,0.1472,4548
3806,0.1471,4549
3365,0.1471,4550
990,0.1470,4551
767,0.1469,4552
1494,0.1468,4553
643,0.1468,4554
790,0.1466,4555
805,0.1465,4556
2161,0.1464,4557
367,0.1464,4558
5091,0.1460,4559
185,0.1460,4560
5231,0.1458,4561
1326,0.1457,4562
3824,0.1456,4563
2425,0.1456,4564
1946,0.1453,4565
2373,0.1453,4566
1802,0.1452,4567
2100,0.1452,4568
1023,0.1451,4569
5085,0.1451,4570
4909,0.1451,4571
4770,0.1450,4572
1656,0.1450,4573
1179,0.1447,4574
3396,0.1446,4575
4766,0.1446,4576
427,0.1446,4577
717,0.1446,4578
1088,0.1446,4579
5114,0.1446,4580
2387,0.1445,4581
1149,0.1445,4582
547,0.1444,4583
4496,0.1443,4584
273,0.1442,4585
2720,0.1442,4586
117,0.1441,4587
1588,0.1441,4588
3160,0.1439,4589
624,0.1439,4590
1887,0.1438,4591
1019,0.1437,4592
214,0.1436,4593
1201,0.1436,4594
2174,0.1436,4595
5387,0.1435,4596
2538,0.1434,4597
4813,0.1434,4598
4225,0.1433,4599
944,0.1433,4600
4467,0.1431,4601
4121,0.1431,4602
3784,0.1430,4603
2977,0.1430,4604
1009,0.1429,4605
3267,0.1429,4606
3620,0.1428,4607
52,0.1428,4608
3907,0.1428,4609
3878,0.1427,4610
3053,0.1427,4611
4949,0.1427,4612
1253,0.1427,4613
3876,0.1424,4614
5388,0.1423,4615
3055,0.1423,4616
3165,0.1422,4617
634,0.1422,4618
1582,0.1422,4619
1645,0.1422,4620
3431,0.1421,4621
4394,0.1421,4622
1505,0.1420,4623
3734,0.1420,4624
1492,0.1420,4625
4184,0.1418,4626
387,0.1417,4627
2024,0.1416,4628
2134,0.1415,4629
868,0.1415,4630
271,0.1412,4631
2603,0.1411,4632
4811,0.1410,4633
3485,0.1407,4634
3324,0.1406,4635
1441,0.1406,4636
1520,0.1405,4637
1908,0.1403,4638
972,0.1403,4639
9,0.1402,4640
661,0.1402,4641
2713,0.1401,4642
5162,0.1399,4643
5312,0.1399,4644
3778,0.1398,4645
2570,0.1396,4646
1152,0.1396,4647
864,0.1395,4648
1249,0.1395,4649
5143,0.1394,4650
2528,0.1394,4651
5330,0.1393,4652
1937,0.1393,4653
4650,0.1393,4654
5153,0.1392,4655
3500,0.1391,4656
3632,0.1390,4657
3161,0.1389,4658
4026,0.1388,4659
5263,0.1388,4660
1395,0.1388,4661
406,0.1387,4662
4876,0.1387,4663
3864,0.1387,4664
3042,0.1387,4665
115,0.1386,4666
3497,0.1386,4667
1036,0.1383,4668
4518,0.1383,4669
2301,0.1382,4670
5397,0.1382,4671
4503,0.1381,4672
902,0.1381,4673
1547,0.1380,4674
2152,0.1378,4675
5298,0.1378,4676
3085,0.1378,4677
2404,0.1377,4678
4369,0.1375,4679
4182,0.1374,4680
4970,0.1374,4681
3566,0.1372,4682
3603,0.1372,4683
4787,0.1371,4684
144,0.1370,4685
34,0.1369,4686
2494,0.1369,4687
5044,0.1367,4688
637,0.1365,4689
4705,0.1364,4690
4998,0.1362,4691
4940,0.1361,4692
2402,0.1360,4693
1501,0.1360,4694
1916,0.1359,4695
4679,0.1359,4696
480,0.1358,4697
4684,0.1356,4698
1508,0.1353,4699
4937,0.1352,4700
1147,0.1352,4701
2946,0.1352,4702
1559,0.1352,4703
3308,0.1352,4704
4043,0.1352,4705
1807,0.1352,4706
979,0.1352,4707
3506,0.1351,4708
1781,0.1350,4709
2532,0.1349,4710
4654,0.1348,4711
2308,0.1348,4712
2416,0.1347,4713
420,0.1346,4714
3134,0.1344,4715
5370,0.1344,4716
4032,0.1343,4717
3405,0.1343,4718
3252,0.1340,4719
3819,0.1340,4720
2497,0.1339,4721
1865,0.1339,4722
5113,0.1338,4723
3272,0.1338,4724
4669,0.1336,4725
804,0.1336,4726
4747,0.1336,4727
1822,0.1335,4728
3794,0.1335,4729
3343,0.1334,4730
1142,0.1333,4731
4035,0.1333,4732
3826,0.1331,4733
3117,0.1330,4734
3513,0.1328,4735
866,0.1328,4736
543,0.1327,4737
1594,0.1327,4738
1805,0.1327,4739
3429,0.1326,4740
1515,0.1326,4741
5276,0.1325,4742
5073,0.1325,4743
1439,0.1324,4744
1205,0.1323,4745
4255,0.1323,4746
4005,0.1322,4747
4245,0.1322,4748
2982,0.1320,4749
3648,0.1320,4750
2845,0.1319,4751
4154,0.1319,4752
1940,0.1314,4753
2831,0.1314,4754
3889,0.1312,4755
2158,0.1310,4756
1878,0.1309,4757
2539,0.1309,4758
3527,0.1309,4759
3858,0.1308,4760
5105,0.1308,4761
5003,0.1308,4762
904,0.1307,4763
5409,0.1306,4764
2283,0.1305,4765
305,0.1304,4766
4239,0.1304,4767
3759,0.1303,4768
4287,0.1303,4769
1684,0.1303,4770
1474,0.1303,4771
3359,0.1300,4772
5097,0.1299,4773
2728,0.1299,4774
1979,0.1299,4775
5226,0.1298,4776
1485,0.1297,4777
955,0.1296,4778
646,0.1296,4779
765,0.1293,4780
4262,0.1292,4781
3758,0.1290,4782
5282,0.1290,4783
5026,0.1287,4784
3607,0.1287,4785
4543,0.1287,4786
1948,0.1285,4787
587,0.1285,4788
229,0.1284,4789
1542,0.1284,4790
4409,0.1283,4791
3979,0.1282,4792
3728,0.1281,4793
890,0.1281,4794
5334,0.1281,4795
1891,0.1280,4796
696,0.1280,4797
988,0.1278,4798
2646,0.1278,4799
3052,0.1278,4800
1850,0.1278,4801
2755,0.1278,4802
4807,0.1277,4803
3179,0.1277,4804
711,0.1276,4805
1280,0.1275,4806
3914,0.1273,4807
5265,0.1273,4808
677,0.1273,4809
757,0.1271,4810
1692,0.1271,4811
1145,0.1270,4812
4809,0.1269,4813
1754,0.1269,4814
4396,0.1268,4815
3720,0.1268,4816
5309,0.1264,4817
4046,0.1263,4818
681,0.1262,4819
4366,0.1261,4820
1627,0.1261,4821
400,0.1260,4822
5338,0.1260,4823
4721,0.1260,4824
701,0.1260,4825
2889,0.1258,4826
3967,0.1256,4827
1356,0.1254,4828
2148,0.1254,4829
5075,0.1253,4830
2162,0.1252,4831
5057,0.1251,4832
2460,0.1249,4833
1433,0.1249,4834
5371,0.1249,4835
35,0.1247,4836
3292,0.1247,4837
2590,0.1247,4838
1058,0.1247,4839
2950,0.1243,4840
3682,0.1243,4841
1465,0.1242,4842
3741,0.1242,4843
1519,0.1240,4844
2189,0.1238,4845
3769,0.1238,4846
5033,0.1236,4847
861,0.1236,4848
3212,0.1236,4849
383,0.1235,4850
669,0.1234,4851
3644,0.1233,4852
4695,0.1231,4853
3020,0.1229,4854
1062,0.1229,4855
4325,0.1228,4856
1343,0.1227,4857
3661,0.1226,4858
204,0.1226,4859
4300,0.1222,4860
4690,0.1222,4861
5109,0.1220,4862
5164,0.1220,4863
2303,0.1219,4864
415,0.1218,4865
3025,0.1217,4866
3100,0.1217,4867
3609,0.1216,4868
2290,0.1215,4869
4070,0.1215,4870
3307,0.1214,4871
1068,0.1213,4872
1166,0.1210,4873
534,0.1210,4874
3397,0.1209,4875
169,0.1209,4876
2878,0.1207,4877
4638,0.1207,4878
676,0.1207,4879
760,0.1206,4880
1284,0.1204,4881
2406,0.1201,4882
3345,0.1200,4883
2031,0.1199,4884
2882,0.1197,4885
1938,0.1196,4886
1962,0.1195,4887
1739,0.1194,4888
720,0.1194,4889
5297,0.1192,4890
771,0.1192,4891
1499,0.1192,4892
3779,0.1192,4893
1663,0.1192,4894
3321,0.1190,4895
1503,0.1187,4896
3701,0.1187,4897
164,0.1185,4898
3572,0.1185,4899
1374,0.1184,4900
1827,0.1184,4901
3928,0.1184,4902
2746,0.1182,4903
2188,0.1182,4904
2856,0.1182,4905
4312,0.1181,4906
2832,0.1181,4907
3226,0.1180,4908
1742,0.1180,4909
3122,0.1177,4910
3362,0.1177,4911
4470,0.1177,4912
3507,0.1176,4913
670,0.1173,4914
4215,0.1173,4915
5408,0.1171,4916
4903,0.1169,4917
3544,0.1169,4918
5007,0.1168,4919
3331,0.1168,4920
1590,0.1167,4921
2204,0.1165,4922
3653,0.1165,4923
3636,0.1164,4924
5254,0.1161,4925
4368,0.1160,4926
572,0.1160,4927
5010,0.1156,4928
3295,0.1156,4929
4027,0.1156,4930
274,0.1155,4931
5156,0.1153,4932
4156,0.1151,4933
2038,0.1151,4934
3111,0.1148,4935
4283,0.1147,4936
1735,0.1146,4937
3812,0.1146,4938
2011,0.1145,4939
1710,0.1144,4940
278,0.1144,4941
1143,0.1141,4942
4193,0.1140,4943
5051,0.1140,4944
1631,0.1140,4945
1858,0.1139,4946
4401,0.1137,4947
2933,0.1137,4948
679,0.1137,4949
5329,0.1136,4950
2371,0.1134,4951
5066,0.1132,4952
5111,0.1132,4953
3646,0.1130,4954
5024,0.1130,4955
4489,0.1129,4956
1775,0.1126,4957
4001,0.1124,4958
2032,0.1122,4959
642,0.1121,4960
736,0.1121,4961
1189,0.1117,4962
304,0.1116,4963
3651,0.1115,4964
1569,0.1115,4965
728,0.1114,4966
1664,0.1114,4967
4853,0.1113,4968
2153,0.1113,4969
4028,0.1112,4970
538,0.1112,4971
573,0.1110,4972
2216,0.1110,4973
1460,0.1110,4974
5411,0.1107,4975
4493,0.1106,4976
1332,0.1104,4977
4529,0.1103,4978
3739,0.1103,4979
2769,0.1103,4980
2796,0.1103,4981
3329,0.1099,4982
3285,0.1099,4983
1540,0.1098,4984
1228,0.1096,4985
4090,0.1096,4986
1422,0.1096,4987
4758,0.1096,4988
3860,0.1096,4989
2456,0.1095,4990
3522,0.1094,4991
1196,0.1092,4992
800,0.1092,4993
1968,0.1092,4994
1769,0.1092,4995
567,0.1092,4996
4316,0.1090,4997
2894,0.1090,4998
649,0.1090,4999
759,0.1089,5000
4775,0.1089,5001
718,0.1087,5002
758,0.1085,5003
2108,0.1085,5004
5080,0.1083,5005
1071,0.1083,5006
2405,0.1082,5007
5050,0.1080,5008
3590,0.1079,5009
3631,0.1077,5010
4355,0.1077,5011
1173,0.1077,5012
2995,0.1076,5013
3348,0.1075,5014
3174,0.1074,5015
1061,0.1073,5016
2203,0.1073,5017
3917,0.1073,5018
195,0.1072,5019
4340,0.1072,5020
5267,0.1071,5021
218,0.1069,5022
2151,0.1068,5023
5134,0.1068,5024
1213,0.1067,5025
2838,0.1065,5026
897,0.1064,5027
2113,0.1062,5028
913,0.1061,5029
1932,0.1057,5030
328,0.1056,5031
4379,0.1056,5032
1322,0.1056,5033
1779,0.1055,5034
1535,0.1054,5035
1419,0.1053,5036
2826,0.1053,5037
773,0.1053,5038
650,0.1051,5039
2761,0.1046,5040
1579,0.1046,5041
2801,0.1046,5042
457,0.1045,5043
1064,0.1044,5044
2240,0.1044,5045
1462,0.1044,5046
5115,0.1044,5047
4459,0.1042,5048
996,0.1041,5049
3309,0.1040,5050
2978,0.1040,5051
182,0.1037,5052
3550,0.1037,5053
1513,0.1036,5054
2286,0.1036,5055
1454,0.1034,5056
5058,0.1033,5057
552,0.1032,5058
4723,0.1031,5059
4740,0.1029,5060
4203,0.1028,5061
2942,0.1026,5062
3091,0.1025,5063
4075,0.1025,5064
1082,0.1025,5065
3300,0.1024,5066
5139,0.1024,5067
3688,0.1022,5068
4418,0.1019,5069
4720,0.1017,5070
4554,0.1016,5071
2136,0.1015,5072
666,0.1014,5073
3822,0.1012,5074
3220,0.1012,5075
4645,0.1012,5076
1877,0.1012,5077
321,0.1012,5078
1956,0.1011,5079
3299,0.1007,5080
3224,0.1006,5081
995,0.1006,5082
2115,0.1004,5083
3925,0.1002,5084
839,0.1001,5085
3790,0.0998,5086
3451,0.0998,5087
1855,0.0998,5088
334,0.0997,5089
1702,0.0993,5090
2594,0.0993,5091
5025,0.0993,5092
655,0.0992,5093
1936,0.0990,5094
5166,0.0989,5095
4713,0.0988,5096
4062,0.0988,5097
4932,0.0985,5098
1425,0.0985,5099
3785,0.0985,5100
1488,0.0985,5101
349,0.0984,5102
166,0.0984,5103
3943,0.0983,5104
2241,0.0980,5105
3428,0.0979,5106
4704,0.0978,5107
1730,0.0977,5108
522,0.0975,5109
1041,0.0974,5110
954,0.0974,5111
4370,0.0973,5112
960,0.0973,5113
4314,0.0971,5114
4448,0.0971,5115
3535,0.0971,5116
4892,0.0970,5117
3167,0.0969,5118
3194,0.0968,5119
671,0.0968,5120
4581,0.0968,5121
3823,0.0963,5122
721,0.0963,5123
772,0.0960,5124
5264,0.0960,5125
297,0.0957,5126
691,0.0956,5127
2526,0.0956,5128
2934,0.0953,5129
672,0.0951,5130
665,0.0951,5131
1456,0.0951,5132
5197,0.0950,5133
3384,0.0949,5134
675,0.0949,5135
966,0.0948,5136
4959,0.0948,5137
2025,0.0948,5138
4722,0.0947,5139
4332,0.0945,5140
5295,0.0945,5141
402,0.0944,5142
697,0.0944,5143
3610,0.0942,5144
4254,0.0942,5145
1667,0.0941,5146
4715,0.0941,5147
5393,0.0941,5148
4984,0.0941,5149
1438,0.0940,5150
4359,0.0940,5151
1629,0.0937,5152
1840,0.0934,5153
657,0.0933,5154
3281,0.0931,5155
3529,0.0930,5156
1434,0.0930,5157
2360,0.0929,5158
690,0.0929,5159
4039,0.0929,5160
940,0.0929,5161
3202,0.0928,5162
428,0.0927,5163
1489,0.0927,5164
2919,0.0925,5165
621,0.0922,5166
3718,0.0922,5167
682,0.0921,5168
726,0.0920,5169
3532,0.0918,5170
3304,0.0918,5171
985,0.0916,5172
2549,0.0914,5173
706,0.0914,5174
2715,0.0913,5175
2305,0.0913,5176
644,0.0910,5177
1031,0.0909,5178
3998,0.0908,5179
2909,0.0907,5180
5260,0.0905,5181
294,0.0903,5182
3563,0.0903,5183
756,0.0903,5184
3828,0.0901,5185
1318,0.0899,5186
2578,0.0898,5187
901,0.0898,5188
1392,0.0898,5189
5040,0.0896,5190
1498,0.0896,5191
1983,0.0895,5192
1463,0.0894,5193
3787,0.0892,5194
3510,0.0890,5195
925,0.0889,5196
1427,0.0888,5197
3875,0.0885,5198
906,0.0885,5199
1750,0.0880,5200
4942,0.0879,5201
2131,0.0877,5202
1746,0.0874,5203
3803,0.0871,5204
1442,0.0870,5205
1281,0.0867,5206
1130,0.0865,5207
3656,0.0864,5208
4319,0.0862,5209
4351,0.0857,5210
3536,0.0856,5211
2009,0.0855,5212
4875,0.0855,5213
3043,0.0854,5214
3139,0.0854,5215
2785,0.0853,5216
2666,0.0853,5217
704,0.0847,5218
598,0.0847,5219
1495,0.0844,5220
1486,0.0843,5221
2816,0.0842,5222
147,0.0841,5223
3886,0.0840,5224
3868,0.0840,5225
2124,0.0838,5226
3402,0.0837,5227
4710,0.0835,5228
247,0.0833,5229
5262,0.0831,5230
3816,0.0830,5231
4657,0.0828,5232
3523,0.0827,5233
4805,0.0826,5234
647,0.0825,5235
3624,0.0824,5236
5056,0.0822,5237
4999,0.0822,5238
3346,0.0822,5239
4315,0.0822,5240
148,0.0822,5241
3401,0.0822,5242
3399,0.0822,5243
1464,0.0822,5244
4621,0.0822,5245
4389,0.0822,5246
3382,0.0822,5247
1552,0.0822,5248
1225,0.0822,5249
1830,0.0822,5250
3242,0.0822,5251
2007,0.0822,5252
1642,0.0822,5253
1674,0.0822,5254
4408,0.0822,5255
4545,0.0822,5256
1751,0.0822,5257
1008,0.0822,5258
1825,0.0822,5259
2168,0.0822,5260
4533,0.0822,5261
683,0.0822,5262
4911,0.0822,5263
3066,0.0822,5264
3740,0.0822,5265
2786,0.0822,5266
4660,0.0822,5267
742,0.0822,5268
917,0.0822,5269
4707,0.0822,5270
3639,0.0822,5271
588,0.0822,5272
5319,0.0822,5273
3663,0.0822,5274
3006,0.0822,5275
2500,0.0822,5276
3851,0.0822,5277
3627,0.0822,5278
2367,0.0822,5279
3416,0.0822,5280
3628,0.0822,5281
715,0.0822,5282
3625,0.0821,5283
4310,0.0820,5284
1776,0.0819,5285
3454,0.0816,5286
1020,0.0814,5287
3547,0.0813,5288
5273,0.0813,5289
2438,0.0811,5290
544,0.0811,5291
652,0.0810,5292
3313,0.0809,5293
689,0.0809,5294
3389,0.0806,5295
1941,0.0806,5296
5020,0.0803,5297
1003,0.0801,5298
1348,0.0801,5299
1838,0.0801,5300
2271,0.0801,5301
1421,0.0799,5302
1358,0.0799,5303
888,0.0797,5304
3775,0.0795,5305
4939,0.0794,5306
4602,0.0794,5307
3273,0.0791,5308
3674,0.0790,5309
4956,0.0788,5310
1310,0.0787,5311
3840,0.0785,5312
4078,0.0784,5313
1534,0.0784,5314
1924,0.0783,5315
3732,0.0783,5316
4519,0.0782,5317
937,0.0782,5318
1428,0.0780,5319
1324,0.0780,5320
560,0.0779,5321
1015,0.0778,5322
3470,0.0778,5323
678,0.0777,5324
4677,0.0775,5325
3985,0.0775,5326
2185,0.0774,5327
1500,0.0774,5328
898,0.0774,5329
228,0.0773,5330
1119,0.0770,5331
2357,0.0770,5332
2468,0.0768,5333
3588,0.0767,5334
2133,0.0767,5335
3853,0.0766,5336
4818,0.0766,5337
4053,0.0766,5338
4890,0.0765,5339
1576,0.0764,5340
1039,0.0759,5341
698,0.0758,5342
693,0.0757,5343
5206,0.0757,5344
4269,0.0756,5345
3350,0.0754,5346
5301,0.0752,5347
1056,0.0750,5348
4904,0.0750,5349
1504,0.0747,5350
500,0.0745,5351
3873,0.0744,5352
4309,0.0744,5353
5266,0.0743,5354
1432,0.0742,5355
4003,0.0739,5356
2693,0.0732,5357
1526,0.0732,5358
1568,0.0731,5359
2569,0.0726,5360
1346,0.0723,5361
2681,0.0723,5362
4492,0.0722,5363
2829,0.0722,5364
3337,0.0721,5365
731,0.0719,5366
1016,0.0718,5367
710,0.0717,5368
3997,0.0716,5369
2863,0.0716,5370
1610,0.0713,5371
3679,0.0713,5372
4983,0.0712,5373
5049,0.0709,5374
5324,0.0707,5375
1893,0.0705,5376
4954,0.0704,5377
3891,0.0702,5378
3533,0.0699,5379
3530,0.0696,5380
938,0.0688,5381
2671,0.0688,5382
1350,0.0687,5383
1297,0.0685,5384
5358,0.0684,5385
3879,0.0684,5386
2458,0.0683,5387
1004,0.0680,5388
3605,0.0679,5389
3410,0.0679,5390
686,0.0676,5391
5053,0.0675,5392
2846,0.0668,5393
3302,0.0667,5394
2186,0.0665,5395
699,0.0664,5396
5250,0.0663,5397
3713,0.0662,5398
4767,0.0654,5399
561,0.0654,5400
939,0.0647,5401
3495,0.0645,5402
1522,0.0644,5403
5047,0.0644,5404
3622,0.0641,5405
3534,0.0637,5406
4995,0.0635,5407
3809,0.0628,5408
1745,0.0623,5409
3598,0.0603,5410
3517,0.0596,5411
4891,0.0591,5412
4948,0.0575,5413
2880,0.0537,5414
486,0.0481,5415
